session,flight,model,N,lead_time_ms,rejected_frac,bucket_median,bucket_iqr,bucket_threshold
2026_07_21_gym,flight_34,A,34,766.0,0.5588,0.2727,0.1828,0.5469
2026_07_21_gym,flight_34,B,34,766.0,0.5588,0.2821,0.1718,0.5397
2026_07_21_gym,flight_34,A,35,749.3,0.5714,0.2727,0.1828,0.5469
2026_07_21_gym,flight_37,A,35,782.6,0.6000,0.2727,0.1828,0.5469
2026_07_21_gym,flight_37,B,35,782.6,0.6000,0.2821,0.1718,0.5397
2026_07_21_gym,flight_37,A,37,749.3,0.5676,0.2727,0.1828,0.5469
2026_07_21_gym,flight_37,B,37,749.3,0.5405,0.2821,0.1718,0.5397
2026_07_21_gym,flight_38,A,8,1415.4,0.2500,0.0000,0.1429,0.2143
2026_07_21_gym,flight_38,A,16,1282.2,0.5000,0.1818,0.2032,0.4866
2026_07_21_gym,flight_38,A,18,1248.9,0.5000,0.1818,0.2032,0.4866
2026_07_21_gym,flight_38,B,18,1248.9,0.5000,0.2000,0.1889,0.4833
2026_07_21_gym,flight_38,A,19,1232.3,0.5263,0.1818,0.2032,0.4866
2026_07_21_gym,flight_38,C,19,1232.3,0.4737,0.1818,0.1869,0.4621
2026_07_21_gym,flight_38,A,20,1215.6,0.5000,0.1818,0.2032,0.4866
2026_07_21_gym,flight_38,B,20,1215.6,0.5000,0.2000,0.1889,0.4833
2026_07_21_gym,flight_38,C,46,682.7,0.5217,0.2500,0.1517,0.4776
2026_07_21_gym,flight_45,A,27,832.6,0.5926,0.2941,0.1945,0.5858
2026_07_21_gym,flight_45,A,28,815.9,0.6071,0.2941,0.1945,0.5858
2026_07_21_gym,flight_45,B,30,782.6,0.5667,0.2821,0.1718,0.5397
2026_07_21_gym,flight_45,B,31,766.0,0.5806,0.2821,0.1718,0.5397
2026_07_21_gym,flight_45,A,32,749.3,0.5625,0.2727,0.1828,0.5469
2026_07_21_gym,flight_45,B,33,732.7,0.5455,0.2821,0.1718,0.5397
2026_07_21_gym,flight_45,A,35,699.4,0.5429,0.2632,0.1670,0.5136
2026_07_21_gym,flight_45,B,35,699.4,0.5429,0.2750,0.1659,0.5238
2026_07_21_gym,flight_45,C,35,699.4,0.4857,0.2500,0.1517,0.4776
2026_07_21_gym,flight_45,B,36,682.7,0.5278,0.2750,0.1659,0.5238
2026_07_21_gym,flight_45,C,36,682.7,0.5000,0.2500,0.1517,0.4776
2026_07_21_gym,flight_45,C,37,666.1,0.4865,0.2500,0.1517,0.4776
2026_07_21_gym,flight_41,B,13,1248.9,0.5385,0.2000,0.1889,0.4833
2026_07_21_gym,flight_41,A,14,1232.3,0.5714,0.1818,0.2032,0.4866
2026_07_21_gym,flight_41,A,15,1215.6,0.6000,0.1818,0.2032,0.4866
2026_07_21_gym,flight_41,B,15,1215.6,0.6000,0.2000,0.1889,0.4833
2026_07_21_gym,flight_41,A,18,1165.6,0.6667,0.2593,0.2101,0.5744
2026_07_21_gym,flight_41,B,18,1165.6,0.6667,0.2667,0.2208,0.5978
2026_07_21_gym,flight_41,A,19,1149.0,0.6842,0.2593,0.2101,0.5744
2026_07_21_gym,flight_41,B,19,1149.0,0.6316,0.2667,0.2208,0.5978
2026_07_21_gym,flight_41,C,19,1149.0,0.5789,0.2500,0.2007,0.5511
2026_07_21_gym,flight_41,A,20,1132.3,0.7000,0.2593,0.2101,0.5744
2026_07_21_gym,flight_41,B,20,1132.3,0.7000,0.2667,0.2208,0.5978
2026_07_21_gym,flight_41,A,21,1115.7,0.6667,0.2593,0.2101,0.5744
2026_07_21_gym,flight_41,B,21,1115.7,0.7143,0.2667,0.2208,0.5978
2026_07_21_gym,flight_41,A,22,1099.0,0.7273,0.2880,0.2124,0.6066
2026_07_21_gym,flight_41,A,23,1082.4,0.7391,0.2880,0.2124,0.6066
2026_07_21_gym,flight_41,B,23,1082.4,0.7391,0.2857,0.2125,0.6045
2026_07_21_gym,flight_41,C,23,1082.4,0.6522,0.2667,0.1974,0.5627
2026_07_21_gym,flight_41,A,24,1065.7,0.7500,0.2880,0.2124,0.6066
2026_07_21_gym,flight_41,B,24,1065.7,0.7500,0.2857,0.2125,0.6045
2026_07_21_gym,flight_41,A,25,1049.1,0.7200,0.2880,0.2124,0.6066
2026_07_21_gym,flight_41,B,25,1049.1,0.7200,0.2857,0.2125,0.6045
2026_07_21_gym,flight_41,A,26,1032.4,0.7308,0.2880,0.2124,0.6066
2026_07_21_gym,flight_41,B,26,1032.4,0.7308,0.2857,0.2125,0.6045
2026_07_21_gym,flight_41,A,27,1015.8,0.7037,0.2880,0.2124,0.6066
2026_07_21_gym,flight_41,B,27,1015.8,0.7037,0.2857,0.2125,0.6045
2026_07_21_gym,flight_41,C,27,1015.8,0.7037,0.2667,0.1974,0.5627
2026_07_21_gym,flight_41,A,28,999.1,0.7500,0.2941,0.2110,0.6107
2026_07_21_gym,flight_41,B,28,999.1,0.7500,0.2917,0.2065,0.6013
2026_07_21_gym,flight_41,C,28,999.1,0.6786,0.2800,0.1979,0.5769
2026_07_21_gym,flight_41,A,29,982.5,0.7241,0.2941,0.2110,0.6107
2026_07_21_gym,flight_41,B,29,982.5,0.6552,0.2917,0.2065,0.6013
2026_07_21_gym,flight_41,C,29,982.5,0.7241,0.2800,0.1979,0.5769
2026_07_21_gym,flight_41,A,30,965.8,0.6667,0.2941,0.2110,0.6107
2026_07_21_gym,flight_41,B,30,965.8,0.7333,0.2917,0.2065,0.6013
2026_07_21_gym,flight_41,C,30,965.8,0.6667,0.2800,0.1979,0.5769
2026_07_21_gym,flight_41,A,31,949.2,0.6452,0.2941,0.2110,0.6107
2026_07_21_gym,flight_41,B,31,949.2,0.7097,0.2917,0.2065,0.6013
2026_07_21_gym,flight_41,C,31,949.2,0.6774,0.2800,0.1979,0.5769
2026_07_21_gym,flight_41,A,32,932.5,0.6875,0.2941,0.2110,0.6107
2026_07_21_gym,flight_41,B,32,932.5,0.7188,0.2917,0.2065,0.6013
2026_07_21_gym,flight_41,C,32,932.5,0.6875,0.2800,0.1979,0.5769
2026_07_21_gym,flight_41,A,33,915.9,0.7273,0.2941,0.2110,0.6107
2026_07_21_gym,flight_41,B,33,915.9,0.6970,0.2917,0.2065,0.6013
2026_07_21_gym,flight_41,C,33,915.9,0.6970,0.2800,0.1979,0.5769
2026_07_21_gym,flight_41,A,34,899.2,0.6471,0.2941,0.1945,0.5858
2026_07_21_gym,flight_41,B,34,899.2,0.6765,0.3030,0.1947,0.5951
2026_07_21_gym,flight_41,C,34,899.2,0.6765,0.2876,0.1858,0.5663
2026_07_21_gym,flight_41,A,35,882.6,0.6857,0.2941,0.1945,0.5858
2026_07_21_gym,flight_41,B,35,882.6,0.6857,0.3030,0.1947,0.5951
2026_07_21_gym,flight_41,C,35,882.6,0.6571,0.2876,0.1858,0.5663
2026_07_21_gym,flight_41,A,36,865.9,0.6944,0.2941,0.1945,0.5858
2026_07_21_gym,flight_41,B,36,865.9,0.6944,0.3030,0.1947,0.5951
2026_07_21_gym,flight_41,C,36,865.9,0.6667,0.2876,0.1858,0.5663
2026_07_21_gym,flight_41,A,37,849.3,0.6757,0.2941,0.1945,0.5858
2026_07_21_gym,flight_41,B,37,849.3,0.7027,0.3030,0.1947,0.5951
2026_07_21_gym,flight_41,C,37,849.3,0.6757,0.2876,0.1858,0.5663
2026_07_21_gym,flight_41,A,38,832.6,0.7105,0.2941,0.1945,0.5858
2026_07_21_gym,flight_41,B,38,832.6,0.7105,0.3030,0.1947,0.5951
2026_07_21_gym,flight_41,C,38,832.6,0.7105,0.2876,0.1858,0.5663
2026_07_21_gym,flight_41,A,39,815.9,0.6923,0.2941,0.1945,0.5858
2026_07_21_gym,flight_41,B,39,815.9,0.6923,0.3030,0.1947,0.5951
2026_07_21_gym,flight_41,C,39,815.9,0.6667,0.2876,0.1858,0.5663
2026_07_21_gym,flight_41,A,40,799.3,0.6500,0.2727,0.1828,0.5469
2026_07_21_gym,flight_41,B,40,799.3,0.7000,0.2821,0.1718,0.5397
2026_07_21_gym,flight_41,C,40,799.3,0.6500,0.2683,0.1753,0.5313
2026_07_21_gym,flight_41,A,41,782.6,0.6585,0.2727,0.1828,0.5469
2026_07_21_gym,flight_41,B,41,782.6,0.6829,0.2821,0.1718,0.5397
2026_07_21_gym,flight_41,C,41,782.6,0.6585,0.2683,0.1753,0.5313
2026_07_21_gym,flight_41,A,42,766.0,0.6905,0.2727,0.1828,0.5469
2026_07_21_gym,flight_41,B,42,766.0,0.6905,0.2821,0.1718,0.5397
2026_07_21_gym,flight_41,C,42,766.0,0.6190,0.2683,0.1753,0.5313
2026_07_21_gym,flight_41,A,43,749.3,0.6512,0.2727,0.1828,0.5469
2026_07_21_gym,flight_41,B,43,749.3,0.6744,0.2821,0.1718,0.5397
2026_07_21_gym,flight_41,C,43,749.3,0.6512,0.2683,0.1753,0.5313
2026_07_21_gym,flight_41,A,44,732.7,0.7045,0.2727,0.1828,0.5469
2026_07_21_gym,flight_41,B,44,732.7,0.6818,0.2821,0.1718,0.5397
2026_07_21_gym,flight_41,C,44,732.7,0.6818,0.2683,0.1753,0.5313
2026_07_21_gym,flight_41,A,45,716.0,0.6889,0.2727,0.1828,0.5469
2026_07_21_gym,flight_41,B,45,716.0,0.6889,0.2821,0.1718,0.5397
2026_07_21_gym,flight_41,C,45,716.0,0.6889,0.2683,0.1753,0.5313
2026_07_21_gym,flight_41,A,46,699.4,0.6957,0.2632,0.1670,0.5136
2026_07_21_gym,flight_41,B,46,699.4,0.6522,0.2750,0.1659,0.5238
2026_07_21_gym,flight_41,C,46,699.4,0.6522,0.2500,0.1517,0.4776
2026_07_21_gym,flight_41,A,47,682.7,0.7021,0.2632,0.1670,0.5136
2026_07_21_gym,flight_41,B,47,682.7,0.6383,0.2750,0.1659,0.5238
2026_07_21_gym,flight_41,C,47,682.7,0.6383,0.2500,0.1517,0.4776
2026_07_21_gym,flight_41,A,48,666.1,0.6250,0.2632,0.1670,0.5136
2026_07_21_gym,flight_41,B,48,666.1,0.6875,0.2750,0.1659,0.5238
2026_07_21_gym,flight_41,C,48,666.1,0.6458,0.2500,0.1517,0.4776
2026_07_21_gym,flight_41,A,49,649.4,0.6122,0.2632,0.1670,0.5136
2026_07_21_gym,flight_41,B,49,649.4,0.6531,0.2750,0.1659,0.5238
2026_07_21_gym,flight_41,C,49,649.4,0.6327,0.2500,0.1517,0.4776
2026_07_21_gym,flight_41,A,50,632.8,0.6400,0.2632,0.1670,0.5136
2026_07_21_gym,flight_41,B,50,632.8,0.6400,0.2750,0.1659,0.5238
2026_07_21_gym,flight_41,C,50,632.8,0.6200,0.2500,0.1517,0.4776
2026_07_21_gym,flight_41,A,51,616.1,0.6471,0.2632,0.1670,0.5136
2026_07_21_gym,flight_41,B,51,616.1,0.6471,0.2750,0.1659,0.5238
2026_07_21_gym,flight_41,C,51,616.1,0.6078,0.2500,0.1517,0.4776
2026_07_21_gym,flight_41,A,52,599.5,0.6346,0.2500,0.1931,0.5396
2026_07_21_gym,flight_41,B,52,599.5,0.6538,0.2673,0.1926,0.5561
2026_07_21_gym,flight_41,C,52,599.5,0.5962,0.2456,0.1748,0.5078
2026_07_21_gym,flight_41,A,53,582.8,0.5849,0.2500,0.1931,0.5396
2026_07_21_gym,flight_41,B,53,582.8,0.6038,0.2673,0.1926,0.5561
2026_07_21_gym,flight_41,C,53,582.8,0.6038,0.2456,0.1748,0.5078
2026_07_21_gym,flight_41,A,54,566.2,0.6111,0.2500,0.1931,0.5396
2026_07_21_gym,flight_41,B,54,566.2,0.6296,0.2673,0.1926,0.5561
2026_07_21_gym,flight_41,C,54,566.2,0.5926,0.2456,0.1748,0.5078
2026_07_21_gym,flight_41,A,55,549.5,0.6182,0.2500,0.1931,0.5396
2026_07_21_gym,flight_41,B,55,549.5,0.6364,0.2673,0.1926,0.5561
2026_07_21_gym,flight_41,C,55,549.5,0.6000,0.2456,0.1748,0.5078
2026_07_21_gym,flight_41,A,56,532.9,0.6071,0.2500,0.1931,0.5396
2026_07_21_gym,flight_41,B,56,532.9,0.6250,0.2673,0.1926,0.5561
2026_07_21_gym,flight_41,C,56,532.9,0.5714,0.2456,0.1748,0.5078
2026_07_21_gym,flight_41,A,57,516.2,0.6140,0.2500,0.1931,0.5396
2026_07_21_gym,flight_41,B,57,516.2,0.6316,0.2673,0.1926,0.5561
2026_07_21_gym,flight_41,C,57,516.2,0.5965,0.2456,0.1748,0.5078
2026_07_21_gym,flight_41,A,58,499.6,0.6034,0.2432,0.2088,0.5565
2026_07_21_gym,flight_41,B,58,499.6,0.6034,0.2708,0.2141,0.5920
2026_07_21_gym,flight_41,C,58,499.6,0.5345,0.2340,0.1905,0.5198
2026_07_21_gym,flight_41,A,59,482.9,0.5763,0.2432,0.2088,0.5565
2026_07_21_gym,flight_41,C,59,482.9,0.5763,0.2340,0.1905,0.5198
2026_07_21_gym,flight_41,A,60,466.3,0.5833,0.2432,0.2088,0.5565
2026_07_21_gym,flight_41,C,60,466.3,0.5500,0.2340,0.1905,0.5198
2026_07_21_gym,flight_41,A,61,449.6,0.5738,0.2432,0.2088,0.5565
2026_07_21_gym,flight_41,C,61,449.6,0.5574,0.2340,0.1905,0.5198
2026_07_21_gym,flight_41,C,63,416.3,0.5556,0.2340,0.1905,0.5198
2026_07_21_gym,flight_41,A,64,399.6,0.5625,0.2419,0.1954,0.5350
2026_07_21_gym,flight_41,C,64,399.6,0.5312,0.2295,0.1751,0.4922
2026_07_21_gym,flight_41,A,65,383.0,0.5385,0.2419,0.1954,0.5350
2026_07_21_gym,flight_41,C,65,383.0,0.5385,0.2295,0.1751,0.4922
2026_07_21_gym,flight_41,C,66,366.3,0.5303,0.2295,0.1751,0.4922
2026_07_21_gym,flight_41,A,67,349.7,0.5373,0.2419,0.1954,0.5350
2026_07_21_gym,flight_41,C,67,349.7,0.5373,0.2295,0.1751,0.4922
2026_07_21_gym,flight_41,C,69,316.4,0.5072,0.2295,0.1751,0.4922
2026_07_21_gym,flight_41,A,70,299.7,0.5429,0.2535,0.1765,0.5183
2026_07_21_gym,flight_41,C,70,299.7,0.5143,0.2344,0.1627,0.4785
2026_07_21_gym,flight_41,A,71,283.1,0.5211,0.2535,0.1765,0.5183
2026_07_21_gym,flight_41,C,71,283.1,0.5070,0.2344,0.1627,0.4785
2026_07_21_gym,flight_41,C,72,266.4,0.5139,0.2344,0.1627,0.4785
2026_07_21_gym,flight_41,A,73,249.8,0.5205,0.2535,0.1765,0.5183
2026_07_21_gym,flight_41,A,74,233.1,0.5405,0.2535,0.1765,0.5183
2026_07_21_gym,flight_41,C,74,233.1,0.4865,0.2344,0.1627,0.4785
2026_07_21_gym,flight_41,A,75,216.5,0.5467,0.2535,0.1765,0.5183
2026_07_21_gym,flight_41,C,78,149.9,0.5128,0.2540,0.1598,0.4937
2026_07_21_gym,flight_41,C,80,116.6,0.5125,0.2540,0.1598,0.4937
2026_07_21_gym,flight_41,C,81,99.9,0.4938,0.2692,0.1455,0.4875
2026_07_21_gym,flight_41,C,82,83.3,0.4878,0.2692,0.1455,0.4875
2026_07_21_gym,flight_41,A,83,66.6,0.5542,0.3000,0.1655,0.5482
2026_07_21_gym,flight_41,C,83,66.6,0.4940,0.2692,0.1455,0.4875
2026_07_21_gym,flight_41,C,84,50.0,0.5000,0.2692,0.1455,0.4875
2026_07_21_gym,flight_41,A,86,16.7,0.5581,0.3000,0.1655,0.5482
2026_07_21_gym,flight_41,C,86,16.7,0.4884,0.2692,0.1455,0.4875
2026_07_21_gym,flight_44,B,31,749.3,0.5484,0.2821,0.1718,0.5397
2026_07_21_gym,flight_44,B,33,716.0,0.5758,0.2821,0.1718,0.5397
2026_07_21_gym,flight_44,B,34,699.4,0.5588,0.2750,0.1659,0.5238
2026_07_21_gym,flight_44,C,34,699.4,0.5000,0.2500,0.1517,0.4776
2026_07_21_gym,flight_44,C,37,649.4,0.5135,0.2500,0.1517,0.4776
2026_07_21_gym,flight_44,B,39,616.1,0.5385,0.2750,0.1659,0.5238
2026_07_21_gym,flight_44,C,39,616.1,0.5128,0.2500,0.1517,0.4776
2026_07_21_gym,flight_44,C,40,599.5,0.5500,0.2456,0.1748,0.5078
2026_07_21_gym,flight_44,C,41,582.8,0.5122,0.2456,0.1748,0.5078
2026_07_21_gym,flight_44,B,42,566.2,0.5714,0.2673,0.1926,0.5561
2026_07_21_gym,flight_44,C,42,566.2,0.5476,0.2456,0.1748,0.5078
2026_07_21_gym,flight_44,B,43,549.5,0.5581,0.2673,0.1926,0.5561
2026_07_21_gym,flight_44,C,43,549.5,0.5116,0.2456,0.1748,0.5078
2026_07_21_gym,flight_44,C,44,532.9,0.5227,0.2456,0.1748,0.5078
2026_07_21_gym,flight_44,C,45,516.2,0.5556,0.2456,0.1748,0.5078
2026_07_21_gym,flight_44,A,47,482.9,0.5745,0.2432,0.2088,0.5565
2026_07_21_gym,flight_44,B,49,449.6,0.6122,0.2708,0.2141,0.5920
2026_07_21_gym,flight_44,A,50,433.0,0.5600,0.2432,0.2088,0.5565
2026_07_21_gym,flight_44,C,52,399.6,0.5000,0.2295,0.1751,0.4922
2026_07_21_gym,flight_44,C,53,383.0,0.5094,0.2295,0.1751,0.4922
2026_07_21_gym,flight_44,C,54,366.3,0.5000,0.2295,0.1751,0.4922
2026_07_21_gym,flight_44,C,55,349.7,0.5273,0.2295,0.1751,0.4922
2026_07_21_gym,flight_44,C,56,333.0,0.5179,0.2295,0.1751,0.4922
2026_07_21_gym,flight_44,C,57,316.4,0.5088,0.2295,0.1751,0.4922
2026_07_21_gym,flight_44,C,59,283.1,0.4915,0.2344,0.1627,0.4785
2026_07_21_gym,flight_44,C,60,266.4,0.4833,0.2344,0.1627,0.4785
2026_07_21_gym,flight_44,A,61,249.8,0.5246,0.2535,0.1765,0.5183
2026_07_21_gym,flight_44,C,61,249.8,0.4918,0.2344,0.1627,0.4785
2026_07_21_gym,flight_44,C,63,216.5,0.4921,0.2344,0.1627,0.4785
2026_07_21_gym,flight_44,C,65,183.2,0.5077,0.2540,0.1598,0.4937
2026_07_21_gym,flight_44,C,67,149.9,0.5075,0.2540,0.1598,0.4937
2026_07_21_gym,flight_44,C,68,133.2,0.5000,0.2540,0.1598,0.4937
2026_07_21_gym,flight_44,C,75,16.7,0.5067,0.2692,0.1455,0.4875
2026_07_21_gym,flight_42,A,14,1232.3,0.5000,0.1818,0.2032,0.4866
2026_07_21_gym,flight_42,B,14,1232.3,0.5714,0.2000,0.1889,0.4833
2026_07_21_gym,flight_42,C,15,1215.6,0.4667,0.1818,0.1869,0.4621
2026_07_21_gym,flight_42,B,17,1182.3,0.6471,0.2667,0.2208,0.5978
2026_07_21_gym,flight_42,B,18,1165.6,0.6111,0.2667,0.2208,0.5978
2026_07_21_gym,flight_42,B,19,1132.3,0.6316,0.2667,0.2208,0.5978
2026_07_21_gym,flight_42,A,20,1115.7,0.6000,0.2593,0.2101,0.5744
2026_07_21_gym,flight_42,C,20,1115.7,0.6000,0.2500,0.2007,0.5511
2026_07_21_gym,flight_42,C,21,1082.4,0.5714,0.2667,0.1974,0.5627
2026_07_21_gym,flight_42,A,23,1049.1,0.6087,0.2880,0.2124,0.6066
2026_07_21_gym,flight_42,B,23,1049.1,0.6522,0.2857,0.2125,0.6045
2026_07_21_gym,flight_42,C,23,1049.1,0.6087,0.2667,0.1974,0.5627
2026_07_21_gym,flight_42,A,24,1032.4,0.6250,0.2880,0.2124,0.6066
2026_07_21_gym,flight_42,B,24,1032.4,0.7083,0.2857,0.2125,0.6045
2026_07_21_gym,flight_42,C,29,949.2,0.5862,0.2800,0.1979,0.5769
2026_07_21_gym,flight_42,B,34,849.3,0.6176,0.3030,0.1947,0.5951
2026_07_21_gym,flight_42,A,35,816.0,0.6000,0.2941,0.1945,0.5858
2026_07_21_gym,flight_42,B,35,816.0,0.6286,0.3030,0.1947,0.5951
2026_07_21_gym,flight_42,B,36,799.3,0.5556,0.2821,0.1718,0.5397
2026_07_21_gym,flight_42,C,36,799.3,0.5833,0.2683,0.1753,0.5313
2026_07_21_gym,flight_42,A,37,782.6,0.5676,0.2727,0.1828,0.5469
2026_07_21_gym,flight_42,B,37,782.6,0.5946,0.2821,0.1718,0.5397
2026_07_21_gym,flight_42,C,37,782.6,0.5676,0.2683,0.1753,0.5313
2026_07_21_gym,flight_42,A,38,766.0,0.6053,0.2727,0.1828,0.5469
2026_07_21_gym,flight_42,B,38,766.0,0.5526,0.2821,0.1718,0.5397
2026_07_21_gym,flight_42,C,38,766.0,0.5526,0.2683,0.1753,0.5313
2026_07_21_gym,flight_42,B,39,749.3,0.5641,0.2821,0.1718,0.5397
2026_07_21_gym,flight_42,C,39,749.3,0.5385,0.2683,0.1753,0.5313
2026_07_21_gym,flight_42,A,40,732.7,0.6250,0.2727,0.1828,0.5469
2026_07_21_gym,flight_42,B,40,732.7,0.6000,0.2821,0.1718,0.5397
2026_07_21_gym,flight_42,B,41,716.0,0.5610,0.2821,0.1718,0.5397
2026_07_21_gym,flight_42,C,41,716.0,0.5366,0.2683,0.1753,0.5313
2026_07_21_gym,flight_42,B,42,699.4,0.5476,0.2750,0.1659,0.5238
2026_07_21_gym,flight_42,C,42,699.4,0.5238,0.2500,0.1517,0.4776
2026_07_21_gym,flight_42,A,43,682.7,0.5814,0.2632,0.1670,0.5136
2026_07_21_gym,flight_42,B,43,682.7,0.5581,0.2750,0.1659,0.5238
2026_07_21_gym,flight_42,C,43,682.7,0.5349,0.2500,0.1517,0.4776
2026_07_21_gym,flight_42,A,44,666.1,0.5227,0.2632,0.1670,0.5136
2026_07_21_gym,flight_42,B,44,666.1,0.5455,0.2750,0.1659,0.5238
2026_07_21_gym,flight_42,C,44,666.1,0.5000,0.2500,0.1517,0.4776
2026_07_21_gym,flight_42,B,45,649.4,0.5333,0.2750,0.1659,0.5238
2026_07_21_gym,flight_42,C,45,649.4,0.4889,0.2500,0.1517,0.4776
2026_07_21_gym,flight_42,A,46,632.8,0.5435,0.2632,0.1670,0.5136
2026_07_21_gym,flight_42,C,46,632.8,0.5000,0.2500,0.1517,0.4776
2026_07_21_gym,flight_51,A,80,216.5,0.5250,0.2535,0.1765,0.5183
2026_07_21_gym,flight_51,B,82,183.2,0.7439,0.3750,0.2276,0.7164
2026_07_21_gym,flight_51,B,85,116.6,0.7647,0.3750,0.2276,0.7164
2026_07_21_gym,flight_51,A,91,16.7,0.5604,0.3000,0.1655,0.5482
2026_07_21_gym,flight_58,A,11,1365.5,0.4545,0.1111,0.2222,0.4444
2026_07_21_gym,flight_58,A,14,1298.9,0.5000,0.1818,0.2032,0.4866
2026_07_21_gym,flight_58,B,14,1298.9,0.5714,0.2000,0.1889,0.4833
2026_07_21_gym,flight_58,A,15,1282.2,0.5333,0.1818,0.2032,0.4866
2026_07_21_gym,flight_58,B,15,1282.2,0.5333,0.2000,0.1889,0.4833
2026_07_21_gym,flight_58,A,16,1265.6,0.5000,0.1818,0.2032,0.4866
2026_07_21_gym,flight_58,B,16,1265.6,0.5000,0.2000,0.1889,0.4833
2026_07_21_gym,flight_58,A,17,1248.9,0.5882,0.1818,0.2032,0.4866
2026_07_21_gym,flight_58,B,17,1248.9,0.5882,0.2000,0.1889,0.4833
2026_07_21_gym,flight_58,C,17,1248.9,0.5294,0.1818,0.1869,0.4621
2026_07_21_gym,flight_58,A,18,1232.3,0.5556,0.1818,0.2032,0.4866
2026_07_21_gym,flight_58,B,18,1232.3,0.5556,0.2000,0.1889,0.4833
2026_07_21_gym,flight_58,C,18,1232.3,0.5000,0.1818,0.1869,0.4621
2026_07_21_gym,flight_58,A,19,1215.6,0.5789,0.1818,0.2032,0.4866
2026_07_21_gym,flight_58,C,19,1215.6,0.5263,0.1818,0.1869,0.4621
2026_07_21_gym,flight_58,B,71,349.7,0.6056,0.2903,0.2069,0.6006
2026_07_21_gym,flight_59,A,9,1432.1,0.2222,0.0000,0.1429,0.2143
2026_07_21_gym,flight_59,B,9,1432.1,0.3333,0.0000,0.1384,0.2076
2026_07_21_gym,flight_59,A,10,1415.4,0.4000,0.0000,0.1429,0.2143
2026_07_21_gym,flight_59,B,10,1415.4,0.4000,0.0000,0.1384,0.2076
2026_07_21_gym,flight_59,B,21,1215.6,0.5714,0.2000,0.1889,0.4833
2026_07_21_gym,flight_59,C,21,1215.6,0.4762,0.1818,0.1869,0.4621
2026_07_21_gym,flight_59,B,40,865.9,0.6250,0.3030,0.1947,0.5951
2026_07_21_gym,flight_59,C,71,299.7,0.4930,0.2344,0.1627,0.4785
2026_07_21_gym,flight_59,A,82,116.6,0.5732,0.2774,0.1782,0.5446
2026_07_21_gym,flight_106,C,52,616.1,0.4808,0.2500,0.1517,0.4776
2026_07_21_gym,flight_112,A,31,682.7,0.5484,0.2632,0.1670,0.5136
2026_07_21_gym,flight_112,B,31,682.7,0.5806,0.2750,0.1659,0.5238
2026_07_21_gym,flight_112,A,32,666.1,0.5312,0.2632,0.1670,0.5136
2026_07_21_gym,flight_112,A,35,616.1,0.5143,0.2632,0.1670,0.5136
2026_07_21_gym,flight_112,B,35,616.1,0.5429,0.2750,0.1659,0.5238
2026_07_21_gym,flight_112,A,38,566.2,0.5526,0.2500,0.1931,0.5396
2026_07_21_gym,flight_121,A,12,1232.3,0.5000,0.1818,0.2032,0.4866
2026_07_21_gym,flight_121,B,12,1232.3,0.5000,0.2000,0.1889,0.4833
2026_07_21_gym,flight_121,A,13,1215.6,0.5385,0.1818,0.2032,0.4866
2026_07_21_gym,flight_121,B,16,1165.6,0.6250,0.2667,0.2208,0.5978
2026_07_21_gym,flight_121,C,21,1082.4,0.5714,0.2667,0.1974,0.5627
2026_07_21_gym,flight_121,A,26,999.1,0.6154,0.2941,0.2110,0.6107
2026_07_21_gym,flight_121,C,31,915.9,0.5806,0.2800,0.1979,0.5769
2026_07_21_gym,flight_121,A,32,899.2,0.6562,0.2941,0.1945,0.5858
2026_07_21_gym,flight_121,A,33,882.6,0.6061,0.2941,0.1945,0.5858
2026_07_21_gym,flight_121,B,36,832.6,0.6111,0.3030,0.1947,0.5951
2026_07_21_gym,flight_121,B,38,799.3,0.5789,0.2821,0.1718,0.5397
2026_07_21_gym,flight_121,A,41,749.3,0.5854,0.2727,0.1828,0.5469
2026_07_21_gym,flight_121,A,42,732.7,0.5476,0.2727,0.1828,0.5469
2026_07_21_gym,flight_122,B,18,1265.6,0.5000,0.2000,0.1889,0.4833
2026_07_21_gym,flight_122,A,19,1248.9,0.5263,0.1818,0.2032,0.4866
2026_07_21_gym,flight_122,C,19,1248.9,0.4737,0.1818,0.1869,0.4621
2026_07_21_gym,flight_122,C,25,1132.3,0.5600,0.2500,0.2007,0.5511
2026_07_21_gym,flight_122,A,28,1082.4,0.6071,0.2880,0.2124,0.6066
2026_07_21_gym,flight_123,A,80,16.7,0.5625,0.3000,0.1655,0.5482
2026_07_15_gym,flight_11,B,33,965.8,0.6364,0.2917,0.2065,0.6013
2026_07_15_gym,flight_11,B,34,949.2,0.6176,0.2917,0.2065,0.6013
2026_07_15_gym,flight_11,A,60,449.6,0.6000,0.2432,0.2088,0.5565
2026_07_15_gym,flight_11,B,60,449.6,0.6667,0.2708,0.2141,0.5920
2026_07_15_gym,flight_11,A,61,333.0,0.5738,0.2419,0.1954,0.5350
2026_07_15_gym,flight_11,C,62,299.7,0.4839,0.2344,0.1627,0.4785
2026_07_15_gym,flight_11,C,63,283.1,0.5238,0.2344,0.1627,0.4785
2026_07_15_gym,flight_11,A,64,266.4,0.5312,0.2535,0.1765,0.5183
2026_07_15_gym,flight_11,C,64,266.4,0.4844,0.2344,0.1627,0.4785
2026_07_15_gym,flight_11,A,65,249.8,0.5692,0.2535,0.1765,0.5183
2026_07_15_gym,flight_11,A,66,233.1,0.5303,0.2535,0.1765,0.5183
2026_07_15_gym,flight_11,B,66,233.1,0.6970,0.3134,0.2164,0.6380
2026_07_15_gym,flight_11,C,67,216.5,0.5224,0.2344,0.1627,0.4785
2026_07_15_gym,flight_11,A,68,199.8,0.6029,0.2774,0.1782,0.5446
2026_07_15_gym,flight_11,C,68,199.8,0.5441,0.2540,0.1598,0.4937
2026_07_15_gym,flight_11,A,69,183.2,0.5652,0.2774,0.1782,0.5446
2026_07_15_gym,flight_11,A,70,166.5,0.6000,0.2774,0.1782,0.5446
2026_07_15_gym,flight_11,B,70,166.5,0.7714,0.3750,0.2276,0.7164
2026_07_15_gym,flight_11,A,71,149.9,0.6479,0.2774,0.1782,0.5446
2026_07_15_gym,flight_11,B,71,149.9,0.7887,0.3750,0.2276,0.7164
2026_07_15_gym,flight_11,C,71,149.9,0.5211,0.2540,0.1598,0.4937
2026_07_15_gym,flight_11,B,72,133.2,0.7639,0.3750,0.2276,0.7164
2026_07_15_gym,flight_11,C,72,133.2,0.5278,0.2540,0.1598,0.4937
2026_07_15_gym,flight_11,A,73,116.6,0.6438,0.2774,0.1782,0.5446
2026_07_15_gym,flight_11,B,73,116.6,0.9178,0.3750,0.2276,0.7164
2026_07_15_gym,flight_11,C,73,116.6,0.5616,0.2540,0.1598,0.4937
2026_07_15_gym,flight_11,B,74,99.9,0.8378,0.4545,0.2248,0.7918
2026_07_15_gym,flight_11,C,74,99.9,0.5270,0.2692,0.1455,0.4875
2026_07_15_gym,flight_11,B,75,50.0,0.8400,0.4545,0.2248,0.7918
2026_07_15_gym,flight_11,C,75,50.0,0.6267,0.2692,0.1455,0.4875
2026_07_15_gym,flight_11,B,76,16.6,0.8421,0.4545,0.2248,0.7918
2026_07_15_gym,flight_11,C,76,16.6,0.5263,0.2692,0.1455,0.4875
2026_07_15_gym,flight_17,B,29,849.3,0.6207,0.3030,0.1947,0.5951
2026_07_15_gym,flight_17,B,32,782.6,0.5625,0.2821,0.1718,0.5397
2026_07_15_gym,flight_17,B,40,649.4,0.5500,0.2750,0.1659,0.5238
2026_07_15_gym,flight_17,B,41,632.8,0.5366,0.2750,0.1659,0.5238
2026_07_15_gym,flight_17,B,49,482.9,0.6122,0.2708,0.2141,0.5920
2026_07_15_gym,flight_17,B,52,433.0,0.6346,0.2708,0.2141,0.5920
2026_07_15_gym,flight_17,B,53,416.3,0.6038,0.2708,0.2141,0.5920
2026_07_15_gym,flight_17,B,54,399.6,0.6296,0.2903,0.2069,0.6006
2026_07_15_gym,flight_17,B,55,383.0,0.6364,0.2903,0.2069,0.6006
2026_07_15_gym,flight_17,B,56,366.3,0.6429,0.2903,0.2069,0.6006
2026_07_15_gym,flight_17,C,56,366.3,0.5000,0.2295,0.1751,0.4922
2026_07_15_gym,flight_17,B,57,349.7,0.6316,0.2903,0.2069,0.6006
2026_07_15_gym,flight_17,B,58,333.0,0.6034,0.2903,0.2069,0.6006
2026_07_15_gym,flight_17,C,58,333.0,0.5345,0.2295,0.1751,0.4922
2026_07_15_gym,flight_17,B,59,316.4,0.6610,0.2903,0.2069,0.6006
2026_07_15_gym,flight_17,C,59,316.4,0.5085,0.2295,0.1751,0.4922
2026_07_15_gym,flight_17,B,60,283.1,0.6833,0.3134,0.2164,0.6380
2026_07_15_gym,flight_17,C,60,283.1,0.5167,0.2344,0.1627,0.4785
2026_07_15_gym,flight_17,B,61,266.4,0.6885,0.3134,0.2164,0.6380
2026_07_15_gym,flight_17,B,62,249.8,0.6452,0.3134,0.2164,0.6380
2026_07_15_gym,flight_17,C,64,183.2,0.5000,0.2540,0.1598,0.4937
2026_07_15_gym,flight_17,C,65,166.5,0.5231,0.2540,0.1598,0.4937
2026_07_15_gym,flight_17,C,66,149.9,0.5000,0.2540,0.1598,0.4937
2026_07_15_gym,flight_17,C,69,99.9,0.4928,0.2692,0.1455,0.4875
2026_07_15_gym,flight_17,C,70,83.3,0.5000,0.2692,0.1455,0.4875
2026_07_15_gym,flight_17,C,74,16.7,0.5000,0.2692,0.1455,0.4875
2026_07_15_gym,flight_15,A,8,1482.0,0.2500,0.0000,0.1429,0.2143
2026_07_15_gym,flight_15,A,9,1465.4,0.2222,0.0000,0.1429,0.2143
2026_07_15_gym,flight_15,A,10,1448.7,0.3000,0.0000,0.1429,0.2143
2026_07_15_gym,flight_15,B,10,1448.7,0.4000,0.0000,0.1384,0.2076
2026_07_15_gym,flight_15,A,11,1432.1,0.2727,0.0000,0.1429,0.2143
2026_07_15_gym,flight_15,B,11,1432.1,0.2727,0.0000,0.1384,0.2076
2026_07_15_gym,flight_15,A,12,1415.4,0.4167,0.0000,0.1429,0.2143
2026_07_15_gym,flight_15,B,12,1415.4,0.4167,0.0000,0.1384,0.2076
2026_07_15_gym,flight_15,C,12,1415.4,0.3333,0.1000,0.1111,0.2667
2026_07_15_gym,flight_19,A,62,416.3,0.6613,0.2432,0.2088,0.5565
2026_07_15_gym,flight_19,B,62,416.3,0.8065,0.2708,0.2141,0.5920
2026_07_15_gym,flight_19,B,64,383.0,0.9062,0.2903,0.2069,0.6006
2026_07_15_gym,flight_19,A,65,366.3,0.6615,0.2419,0.1954,0.5350
2026_07_15_gym,flight_19,B,65,366.3,0.7846,0.2903,0.2069,0.6006
2026_07_15_gym,flight_19,A,66,349.7,0.5606,0.2419,0.1954,0.5350
2026_07_15_gym,flight_19,B,66,349.7,0.6061,0.2903,0.2069,0.6006
2026_07_15_gym,flight_19,A,67,333.0,0.7015,0.2419,0.1954,0.5350
2026_07_15_gym,flight_19,B,67,333.0,0.8955,0.2903,0.2069,0.6006
2026_07_15_gym,flight_19,B,77,116.6,0.7922,0.3750,0.2276,0.7164
2026_07_15_gym,flight_19,B,78,99.9,0.8077,0.4545,0.2248,0.7918
2026_07_15_gym,flight_12,A,58,516.2,0.6724,0.2500,0.1931,0.5396
2026_07_15_gym,flight_12,A,59,499.6,0.7119,0.2432,0.2088,0.5565
2026_07_15_gym,flight_12,B,59,499.6,0.7627,0.2708,0.2141,0.5920
2026_07_15_gym,flight_12,A,60,482.9,0.7833,0.2432,0.2088,0.5565
2026_07_15_gym,flight_12,B,60,482.9,0.9000,0.2708,0.2141,0.5920
2026_07_15_gym,flight_12,C,67,366.3,0.5075,0.2295,0.1751,0.4922
2026_07_15_gym,flight_12,A,70,299.7,0.5571,0.2535,0.1765,0.5183
2026_07_15_gym,flight_12,A,71,283.1,0.6056,0.2535,0.1765,0.5183
2026_07_15_gym,flight_12,B,71,283.1,0.6901,0.3134,0.2164,0.6380
2026_07_15_gym,flight_12,A,74,233.1,0.5270,0.2535,0.1765,0.5183
2026_07_15_gym,flight_12,A,75,216.5,0.5467,0.2535,0.1765,0.5183
2026_07_15_gym,flight_12,C,75,216.5,0.4800,0.2344,0.1627,0.4785
2026_07_15_gym,flight_12,A,81,83.3,0.5679,0.3000,0.1655,0.5482
2026_07_15_gym,flight_27,B,73,33.3,0.7945,0.4545,0.2248,0.7918
2026_07_15_gym,flight_26,B,82,33.3,0.7927,0.4545,0.2248,0.7918
