session,flight,model,residual_rms_mm
2026_07_21_gym,flight_1,A,48.7616
2026_07_21_gym,flight_1,B,53.7469
2026_07_21_gym,flight_1,C,46.3090
2026_07_21_gym,flight_2,A,34.5927
2026_07_21_gym,flight_2,B,42.7940
2026_07_21_gym,flight_2,C,41.2648
2026_07_21_gym,flight_3,A,37.6768
2026_07_21_gym,flight_3,B,45.0797
2026_07_21_gym,flight_3,C,43.3998
2026_07_21_gym,flight_4,A,34.7296
2026_07_21_gym,flight_4,B,39.0453
2026_07_21_gym,flight_4,C,43.8362
2026_07_21_gym,flight_5,A,31.3337
2026_07_21_gym,flight_5,B,47.6379
2026_07_21_gym,flight_5,C,34.7041
2026_07_21_gym,flight_82,A,32.8305
2026_07_21_gym,flight_82,B,46.6138
2026_07_21_gym,flight_82,C,42.5724
2026_07_21_gym,flight_83,A,29.5841
2026_07_21_gym,flight_83,B,46.9212
2026_07_21_gym,flight_83,C,39.9612
2026_07_21_gym,flight_84,A,39.6969
2026_07_21_gym,flight_84,B,43.6819
2026_07_21_gym,flight_84,C,44.5143
2026_07_21_gym,flight_85,A,38.3057
2026_07_21_gym,flight_85,B,51.0606
2026_07_21_gym,flight_85,C,40.4541
2026_07_21_gym,flight_86,A,35.0052
2026_07_21_gym,flight_86,B,41.2606
2026_07_21_gym,flight_86,C,41.2379
2026_07_21_gym,flight_6,A,42.1693
2026_07_21_gym,flight_6,B,52.5860
2026_07_21_gym,flight_6,C,46.4917
2026_07_21_gym,flight_7,A,43.7404
2026_07_21_gym,flight_7,B,40.6230
2026_07_21_gym,flight_7,C,48.5328
2026_07_21_gym,flight_8,A,37.5249
2026_07_21_gym,flight_8,B,36.5664
2026_07_21_gym,flight_8,C,36.7231
2026_07_21_gym,flight_9,A,35.0551
2026_07_21_gym,flight_9,B,48.6213
2026_07_21_gym,flight_9,C,39.6472
2026_07_21_gym,flight_10,A,34.7882
2026_07_21_gym,flight_10,B,47.1004
2026_07_21_gym,flight_10,C,35.8411
2026_07_21_gym,flight_11,A,43.7139
2026_07_21_gym,flight_11,B,50.2735
2026_07_21_gym,flight_11,C,42.3344
2026_07_21_gym,flight_12,A,36.3350
2026_07_21_gym,flight_12,B,48.1446
2026_07_21_gym,flight_12,C,42.8353
2026_07_21_gym,flight_13,A,41.1210
2026_07_21_gym,flight_13,B,39.9226
2026_07_21_gym,flight_13,C,40.8881
2026_07_21_gym,flight_14,A,35.0290
2026_07_21_gym,flight_14,B,45.8606
2026_07_21_gym,flight_14,C,41.5765
2026_07_21_gym,flight_15,A,34.3076
2026_07_21_gym,flight_15,B,46.4915
2026_07_21_gym,flight_15,C,33.4341
2026_07_21_gym,flight_16,A,38.4648
2026_07_21_gym,flight_16,B,48.1375
2026_07_21_gym,flight_16,C,35.7644
2026_07_21_gym,flight_17,A,39.4345
2026_07_21_gym,flight_17,B,45.0908
2026_07_21_gym,flight_17,C,43.3995
2026_07_21_gym,flight_18,A,40.4615
2026_07_21_gym,flight_18,B,49.4215
2026_07_21_gym,flight_18,C,44.3809
2026_07_21_gym,flight_19,A,42.3792
2026_07_21_gym,flight_19,B,48.9102
2026_07_21_gym,flight_19,C,37.5254
2026_07_21_gym,flight_20,A,38.3304
2026_07_21_gym,flight_20,B,48.8835
2026_07_21_gym,flight_20,C,40.9274
2026_07_21_gym,flight_21,A,36.9004
2026_07_21_gym,flight_21,B,40.1624
2026_07_21_gym,flight_21,C,41.0830
2026_07_21_gym,flight_22,A,41.2032
2026_07_21_gym,flight_22,B,48.8218
2026_07_21_gym,flight_22,C,37.5714
2026_07_21_gym,flight_23,A,42.0879
2026_07_21_gym,flight_23,B,51.5096
2026_07_21_gym,flight_23,C,44.7440
2026_07_21_gym,flight_24,A,42.3944
2026_07_21_gym,flight_24,B,49.5401
2026_07_21_gym,flight_24,C,42.3658
2026_07_21_gym,flight_25,A,40.4128
2026_07_21_gym,flight_25,B,45.7183
2026_07_21_gym,flight_25,C,42.3837
2026_07_21_gym,flight_26,A,40.0030
2026_07_21_gym,flight_26,B,50.5406
2026_07_21_gym,flight_26,C,41.3639
2026_07_21_gym,flight_27,A,36.2667
2026_07_21_gym,flight_27,B,44.3345
2026_07_21_gym,flight_27,C,41.1842
2026_07_21_gym,flight_28,A,40.0571
2026_07_21_gym,flight_28,B,46.6638
2026_07_21_gym,flight_28,C,41.2433
2026_07_21_gym,flight_29,A,44.2399
2026_07_21_gym,flight_29,B,52.2387
2026_07_21_gym,flight_29,C,43.2618
2026_07_21_gym,flight_30,A,38.6469
2026_07_21_gym,flight_30,B,50.0833
2026_07_21_gym,flight_30,C,39.5890
2026_07_21_gym,flight_31,A,42.4859
2026_07_21_gym,flight_31,B,48.2636
2026_07_21_gym,flight_31,C,39.9454
2026_07_21_gym,flight_32,A,43.3321
2026_07_21_gym,flight_32,B,46.2499
2026_07_21_gym,flight_32,C,39.4328
2026_07_21_gym,flight_33,A,42.6567
2026_07_21_gym,flight_33,B,44.8428
2026_07_21_gym,flight_33,C,44.8444
2026_07_21_gym,flight_34,A,39.8721
2026_07_21_gym,flight_34,B,46.1285
2026_07_21_gym,flight_34,C,41.9881
2026_07_21_gym,flight_35,A,42.6111
2026_07_21_gym,flight_35,B,51.4845
2026_07_21_gym,flight_35,C,45.6071
2026_07_21_gym,flight_36,A,44.0266
2026_07_21_gym,flight_36,B,46.1572
2026_07_21_gym,flight_36,C,44.8560
2026_07_21_gym,flight_37,A,46.3457
2026_07_21_gym,flight_37,B,54.3205
2026_07_21_gym,flight_37,C,44.4811
2026_07_21_gym,flight_38,A,45.6223
2026_07_21_gym,flight_38,B,49.4195
2026_07_21_gym,flight_38,C,39.6703
2026_07_21_gym,flight_39,A,45.5212
2026_07_21_gym,flight_39,B,50.3158
2026_07_21_gym,flight_39,C,42.3437
2026_07_21_gym,flight_40,A,43.9426
2026_07_21_gym,flight_40,B,49.7447
2026_07_21_gym,flight_40,C,40.3758
2026_07_21_gym,flight_41,A,43.5104
2026_07_21_gym,flight_41,B,47.5340
2026_07_21_gym,flight_41,C,45.0407
2026_07_21_gym,flight_42,A,35.0761
2026_07_21_gym,flight_42,B,39.2847
2026_07_21_gym,flight_42,C,40.7454
2026_07_21_gym,flight_43,A,44.8101
2026_07_21_gym,flight_43,B,45.5715
2026_07_21_gym,flight_43,C,40.7651
2026_07_21_gym,flight_44,A,46.0055
2026_07_21_gym,flight_44,B,50.4047
2026_07_21_gym,flight_44,C,48.8495
2026_07_21_gym,flight_45,A,41.9656
2026_07_21_gym,flight_45,B,51.3368
2026_07_21_gym,flight_45,C,38.0615
2026_07_21_gym,flight_46,A,35.8517
2026_07_21_gym,flight_46,B,46.7154
2026_07_21_gym,flight_46,C,36.3386
2026_07_21_gym,flight_47,A,47.5156
2026_07_21_gym,flight_47,B,49.1092
2026_07_21_gym,flight_47,C,46.7690
2026_07_21_gym,flight_48,A,46.1056
2026_07_21_gym,flight_48,B,48.3681
2026_07_21_gym,flight_48,C,41.3362
2026_07_21_gym,flight_49,A,42.9688
2026_07_21_gym,flight_49,B,38.7449
2026_07_21_gym,flight_49,C,42.9198
2026_07_21_gym,flight_50,A,39.1181
2026_07_21_gym,flight_50,B,49.4287
2026_07_21_gym,flight_50,C,49.4674
2026_07_21_gym,flight_51,A,39.9506
2026_07_21_gym,flight_51,B,46.7558
2026_07_21_gym,flight_51,C,44.0257
2026_07_21_gym,flight_52,A,43.3618
2026_07_21_gym,flight_52,B,44.5451
2026_07_21_gym,flight_52,C,43.3623
2026_07_21_gym,flight_53,A,44.1899
2026_07_21_gym,flight_53,B,40.8895
2026_07_21_gym,flight_53,C,41.0238
2026_07_21_gym,flight_54,A,36.5554
2026_07_21_gym,flight_54,B,46.7534
2026_07_21_gym,flight_54,C,34.8381
2026_07_21_gym,flight_55,A,40.0874
2026_07_21_gym,flight_55,B,44.3603
2026_07_21_gym,flight_55,C,44.9559
2026_07_21_gym,flight_56,A,34.9645
2026_07_21_gym,flight_56,B,46.6257
2026_07_21_gym,flight_56,C,45.7983
2026_07_21_gym,flight_57,A,40.1702
2026_07_21_gym,flight_57,B,41.3883
2026_07_21_gym,flight_57,C,40.2729
2026_07_21_gym,flight_58,A,46.7028
2026_07_21_gym,flight_58,B,47.2028
2026_07_21_gym,flight_58,C,45.7720
2026_07_21_gym,flight_59,A,47.0606
2026_07_21_gym,flight_59,B,45.6902
2026_07_21_gym,flight_59,C,43.3006
2026_07_21_gym,flight_60,A,43.7386
2026_07_21_gym,flight_60,B,45.7740
2026_07_21_gym,flight_60,C,46.2268
2026_07_21_gym,flight_61,A,38.3927
2026_07_21_gym,flight_61,B,47.8843
2026_07_21_gym,flight_61,C,46.6276
2026_07_21_gym,flight_62,A,45.0303
2026_07_21_gym,flight_62,B,44.5060
2026_07_21_gym,flight_62,C,45.7970
2026_07_21_gym,flight_63,A,38.3486
2026_07_21_gym,flight_63,B,46.2681
2026_07_21_gym,flight_63,C,43.4620
2026_07_21_gym,flight_64,A,36.1340
2026_07_21_gym,flight_64,B,47.3205
2026_07_21_gym,flight_64,C,40.6921
2026_07_21_gym,flight_65,A,37.6169
2026_07_21_gym,flight_65,B,45.3747
2026_07_21_gym,flight_65,C,42.9524
2026_07_21_gym,flight_66,A,34.9172
2026_07_21_gym,flight_66,B,45.2899
2026_07_21_gym,flight_66,C,39.8349
2026_07_21_gym,flight_67,A,31.9456
2026_07_21_gym,flight_67,B,40.1470
2026_07_21_gym,flight_67,C,44.2904
2026_07_21_gym,flight_68,A,30.6633
2026_07_21_gym,flight_68,B,47.4748
2026_07_21_gym,flight_68,C,39.3454
2026_07_21_gym,flight_69,A,34.2096
2026_07_21_gym,flight_69,B,42.7565
2026_07_21_gym,flight_69,C,39.4463
2026_07_21_gym,flight_70,A,39.2461
2026_07_21_gym,flight_70,B,49.0362
2026_07_21_gym,flight_70,C,43.1634
2026_07_21_gym,flight_71,A,32.4500
2026_07_21_gym,flight_71,B,41.0417
2026_07_21_gym,flight_71,C,37.2499
2026_07_21_gym,flight_72,A,34.7502
2026_07_21_gym,flight_72,B,48.0912
2026_07_21_gym,flight_72,C,41.4971
2026_07_21_gym,flight_73,A,39.8479
2026_07_21_gym,flight_73,B,45.6665
2026_07_21_gym,flight_73,C,47.4503
2026_07_21_gym,flight_74,A,32.9144
2026_07_21_gym,flight_74,B,42.2203
2026_07_21_gym,flight_74,C,37.8578
2026_07_21_gym,flight_75,A,42.6810
2026_07_21_gym,flight_75,B,42.8090
2026_07_21_gym,flight_75,C,41.4001
2026_07_21_gym,flight_76,A,39.9566
2026_07_21_gym,flight_76,B,56.5817
2026_07_21_gym,flight_76,C,45.8978
2026_07_21_gym,flight_77,A,36.0976
2026_07_21_gym,flight_77,B,44.8868
2026_07_21_gym,flight_77,C,44.8327
2026_07_21_gym,flight_78,A,32.9890
2026_07_21_gym,flight_78,B,51.4999
2026_07_21_gym,flight_78,C,43.4447
2026_07_21_gym,flight_79,A,38.3451
2026_07_21_gym,flight_79,B,45.3092
2026_07_21_gym,flight_79,C,42.3462
2026_07_21_gym,flight_80,A,38.1245
2026_07_21_gym,flight_80,B,43.7895
2026_07_21_gym,flight_80,C,42.3892
2026_07_21_gym,flight_81,A,38.0250
2026_07_21_gym,flight_81,B,43.3271
2026_07_21_gym,flight_81,C,39.6844
2026_07_21_gym,flight_87,A,41.4769
2026_07_21_gym,flight_87,B,51.9150
2026_07_21_gym,flight_87,C,39.0796
2026_07_21_gym,flight_88,A,43.7605
2026_07_21_gym,flight_88,B,45.1677
2026_07_21_gym,flight_88,C,46.9524
2026_07_21_gym,flight_89,A,30.0309
2026_07_21_gym,flight_89,B,32.9137
2026_07_21_gym,flight_89,C,36.5531
2026_07_21_gym,flight_90,A,39.9061
2026_07_21_gym,flight_90,B,51.3876
2026_07_21_gym,flight_90,C,42.6693
2026_07_21_gym,flight_91,A,38.0748
2026_07_21_gym,flight_91,B,42.9641
2026_07_21_gym,flight_91,C,38.2843
2026_07_21_gym,flight_92,A,36.0053
2026_07_21_gym,flight_92,B,43.6919
2026_07_21_gym,flight_92,C,42.0434
2026_07_21_gym,flight_93,A,45.5889
2026_07_21_gym,flight_93,B,44.8939
2026_07_21_gym,flight_93,C,44.6318
2026_07_21_gym,flight_94,A,48.7242
2026_07_21_gym,flight_94,B,45.5811
2026_07_21_gym,flight_94,C,37.1655
2026_07_21_gym,flight_95,A,43.6611
2026_07_21_gym,flight_95,B,46.0080
2026_07_21_gym,flight_95,C,49.7729
2026_07_21_gym,flight_96,A,39.2515
2026_07_21_gym,flight_96,B,41.7697
2026_07_21_gym,flight_96,C,42.8066
2026_07_21_gym,flight_97,A,38.4548
2026_07_21_gym,flight_97,B,45.2065
2026_07_21_gym,flight_97,C,40.9611
2026_07_21_gym,flight_98,A,40.2501
2026_07_21_gym,flight_98,B,48.8787
2026_07_21_gym,flight_98,C,36.2504
2026_07_21_gym,flight_99,A,40.7344
2026_07_21_gym,flight_99,B,48.8770
2026_07_21_gym,flight_99,C,41.9675
2026_07_21_gym,flight_100,A,40.6857
2026_07_21_gym,flight_100,B,44.0945
2026_07_21_gym,flight_100,C,43.4414
2026_07_21_gym,flight_101,A,34.8976
2026_07_21_gym,flight_101,B,46.3259
2026_07_21_gym,flight_101,C,41.5339
2026_07_21_gym,flight_102,A,42.5605
2026_07_21_gym,flight_102,B,51.0956
2026_07_21_gym,flight_102,C,37.6271
2026_07_21_gym,flight_103,A,36.1377
2026_07_21_gym,flight_103,B,47.9286
2026_07_21_gym,flight_103,C,42.1009
2026_07_21_gym,flight_104,A,43.3228
2026_07_21_gym,flight_104,B,46.6521
2026_07_21_gym,flight_104,C,40.0003
2026_07_21_gym,flight_105,A,44.7030
2026_07_21_gym,flight_105,B,54.5965
2026_07_21_gym,flight_105,C,43.4672
2026_07_21_gym,flight_106,A,43.7899
2026_07_21_gym,flight_106,B,44.8914
2026_07_21_gym,flight_106,C,43.1639
2026_07_21_gym,flight_107,A,43.6697
2026_07_21_gym,flight_107,B,45.4086
2026_07_21_gym,flight_107,C,46.4945
2026_07_21_gym,flight_108,A,42.2571
2026_07_21_gym,flight_108,B,48.9655
2026_07_21_gym,flight_108,C,40.7599
2026_07_21_gym,flight_109,A,43.4113
2026_07_21_gym,flight_109,B,46.2619
2026_07_21_gym,flight_109,C,44.7217
2026_07_21_gym,flight_110,A,40.7516
2026_07_21_gym,flight_110,B,43.4261
2026_07_21_gym,flight_110,C,43.3530
2026_07_21_gym,flight_111,A,38.2226
2026_07_21_gym,flight_111,B,38.1386
2026_07_21_gym,flight_111,C,39.0143
2026_07_21_gym,flight_112,A,40.0066
2026_07_21_gym,flight_112,B,47.2399
2026_07_21_gym,flight_112,C,42.9087
2026_07_21_gym,flight_113,A,40.2394
2026_07_21_gym,flight_113,B,42.3892
2026_07_21_gym,flight_113,C,40.9461
2026_07_21_gym,flight_114,A,44.0634
2026_07_21_gym,flight_114,B,49.5885
2026_07_21_gym,flight_114,C,43.4717
2026_07_21_gym,flight_115,A,36.1265
2026_07_21_gym,flight_115,B,42.1362
2026_07_21_gym,flight_115,C,38.4512
2026_07_21_gym,flight_116,A,40.6927
2026_07_21_gym,flight_116,B,40.2513
2026_07_21_gym,flight_116,C,42.9358
2026_07_21_gym,flight_117,A,44.6600
2026_07_21_gym,flight_117,B,50.5748
2026_07_21_gym,flight_117,C,43.9107
2026_07_21_gym,flight_118,A,41.1320
2026_07_21_gym,flight_118,B,47.6556
2026_07_21_gym,flight_118,C,46.5834
2026_07_21_gym,flight_119,A,39.0564
2026_07_21_gym,flight_119,B,48.5253
2026_07_21_gym,flight_119,C,40.7461
2026_07_21_gym,flight_120,A,43.1310
2026_07_21_gym,flight_120,B,45.7485
2026_07_21_gym,flight_120,C,43.8071
2026_07_21_gym,flight_121,A,44.1645
2026_07_21_gym,flight_121,B,46.2400
2026_07_21_gym,flight_121,C,45.0702
2026_07_21_gym,flight_122,A,39.3476
2026_07_21_gym,flight_122,B,44.6290
2026_07_21_gym,flight_122,C,44.7377
2026_07_21_gym,flight_123,A,44.0170
2026_07_21_gym,flight_123,B,49.2798
2026_07_21_gym,flight_123,C,41.9249
2026_07_21_gym,flight_124,A,51.1046
2026_07_21_gym,flight_124,B,53.6140
2026_07_21_gym,flight_124,C,47.0414
2026_07_21_gym,flight_125,A,40.6780
2026_07_21_gym,flight_125,B,48.7710
2026_07_21_gym,flight_125,C,36.5055
2026_07_21_gym,flight_126,A,49.4800
2026_07_21_gym,flight_126,B,43.9342
2026_07_21_gym,flight_126,C,44.7580
2026_07_15_gym,flight_01,A,30.0128
2026_07_15_gym,flight_01,B,35.8946
2026_07_15_gym,flight_01,C,37.9804
2026_07_15_gym,flight_11,A,45.5105
2026_07_15_gym,flight_11,B,35.1333
2026_07_15_gym,flight_11,C,43.1933
2026_07_15_gym,flight_12,A,47.5584
2026_07_15_gym,flight_12,B,43.3794
2026_07_15_gym,flight_12,C,48.8546
2026_07_15_gym,flight_13,A,35.8725
2026_07_15_gym,flight_13,B,40.1693
2026_07_15_gym,flight_13,C,35.4098
2026_07_15_gym,flight_14,A,36.8433
2026_07_15_gym,flight_14,B,49.3837
2026_07_15_gym,flight_14,C,40.1862
2026_07_15_gym,flight_15,A,43.4441
2026_07_15_gym,flight_15,B,48.1378
2026_07_15_gym,flight_15,C,48.7230
2026_07_15_gym,flight_17,A,46.4385
2026_07_15_gym,flight_17,B,46.0703
2026_07_15_gym,flight_17,C,50.0985
2026_07_15_gym,flight_19,A,39.0623
2026_07_15_gym,flight_19,B,46.4197
2026_07_15_gym,flight_19,C,40.8993
2026_07_15_gym,flight_20,A,41.6576
2026_07_15_gym,flight_20,B,48.3493
2026_07_15_gym,flight_20,C,44.7933
2026_07_15_gym,flight_21,A,45.0378
2026_07_15_gym,flight_21,B,36.5126
2026_07_15_gym,flight_21,C,41.6610
2026_07_15_gym,flight_22,A,44.9983
2026_07_15_gym,flight_22,B,40.2202
2026_07_15_gym,flight_22,C,41.7734
2026_07_15_gym,flight_23,A,46.4107
2026_07_15_gym,flight_23,B,47.5717
2026_07_15_gym,flight_23,C,41.5695
2026_07_15_gym,flight_24,A,40.3895
2026_07_15_gym,flight_24,B,44.0946
2026_07_15_gym,flight_24,C,38.7699
2026_07_15_gym,flight_25,A,44.8134
2026_07_15_gym,flight_25,B,52.5887
2026_07_15_gym,flight_25,C,45.7545
2026_07_15_gym,flight_26,A,35.3601
2026_07_15_gym,flight_26,B,43.4412
2026_07_15_gym,flight_26,C,44.3815
2026_07_15_gym,flight_27,A,38.5245
2026_07_15_gym,flight_27,B,41.4020
2026_07_15_gym,flight_27,C,42.3351
2026_07_15_gym,flight_28,A,40.7648
2026_07_15_gym,flight_28,B,45.8761
2026_07_15_gym,flight_28,C,38.7842
2026_07_15_gym,flight_29,A,39.3166
2026_07_15_gym,flight_29,B,47.5103
2026_07_15_gym,flight_29,C,39.9609
2026_07_15_gym,flight_31,A,39.1720
2026_07_15_gym,flight_31,B,43.1575
2026_07_15_gym,flight_31,C,39.6693
2026_07_15_gym,flight_33,A,43.1840
2026_07_15_gym,flight_33,B,49.6331
2026_07_15_gym,flight_33,C,41.6899
2026_07_15_gym,flight_36,A,40.0976
2026_07_15_gym,flight_36,B,46.6607
2026_07_15_gym,flight_36,C,42.8879
2026_07_15_gym,flight_38,A,38.1863
2026_07_15_gym,flight_38,B,47.6481
2026_07_15_gym,flight_38,C,39.2774
2026_07_15_gym,flight_43,A,42.2440
2026_07_15_gym,flight_43,B,53.1289
2026_07_15_gym,flight_43,C,45.1376
2026_07_15_gym,flight_45,A,37.7577
2026_07_15_gym,flight_45,B,43.2277
2026_07_15_gym,flight_45,C,41.0247
2026_07_15_gym,flight_47,A,43.3126
2026_07_15_gym,flight_47,B,47.1615
2026_07_15_gym,flight_47,C,41.5071
2026_07_15_gym,flight_48,A,46.2799
2026_07_15_gym,flight_48,B,47.2247
2026_07_15_gym,flight_48,C,46.4174
2026_07_15_gym,flight_49,A,39.9695
2026_07_15_gym,flight_49,B,41.8903
2026_07_15_gym,flight_49,C,41.5110
2026_07_15_gym,flight_50,A,40.5458
2026_07_15_gym,flight_50,B,47.7678
2026_07_15_gym,flight_50,C,39.4271
2026_07_15_gym,flight_52,A,34.5985
2026_07_15_gym,flight_52,B,41.7478
2026_07_15_gym,flight_52,C,40.1263
2026_07_15_gym,flight_53,A,38.4368
2026_07_15_gym,flight_53,B,54.8693
2026_07_15_gym,flight_53,C,42.1844
2026_07_15_gym,flight_54,A,39.6958
2026_07_15_gym,flight_54,B,43.6002
2026_07_15_gym,flight_54,C,41.7746
2026_07_15_gym,flight_55,A,39.3522
2026_07_15_gym,flight_55,B,43.3510
2026_07_15_gym,flight_55,C,39.5677
2026_07_15_gym,flight_56,A,38.1829
2026_07_15_gym,flight_56,B,43.7343
2026_07_15_gym,flight_56,C,40.2927
2026_07_15_gym,flight_57,A,34.4631
2026_07_15_gym,flight_57,B,36.0701
2026_07_15_gym,flight_57,C,40.1998
2026_07_15_gym,flight_58,A,30.7929
2026_07_15_gym,flight_58,B,32.7057
2026_07_15_gym,flight_58,C,31.5078
2026_07_15_gym,flight_59,A,29.2080
2026_07_15_gym,flight_59,B,31.4903
2026_07_15_gym,flight_59,C,33.7822
2026_07_15_gym,flight_60,A,36.4790
2026_07_15_gym,flight_60,B,42.5562
2026_07_15_gym,flight_60,C,42.0715
