session,flight,model,rejected_fraction,converge_fail
2026_07_21_gym,flight_1,A,0.4483,False
2026_07_21_gym,flight_1,B,0.6207,False
2026_07_21_gym,flight_1,C,0.4138,False
2026_07_21_gym,flight_2,A,0.1667,False
2026_07_21_gym,flight_2,B,0.2000,False
2026_07_21_gym,flight_2,C,0.1667,False
2026_07_21_gym,flight_3,A,0.1538,False
2026_07_21_gym,flight_3,B,0.3846,False
2026_07_21_gym,flight_3,C,0.1282,False
2026_07_21_gym,flight_4,A,0.3143,False
2026_07_21_gym,flight_4,B,0.3429,False
2026_07_21_gym,flight_4,C,0.2000,False
2026_07_21_gym,flight_5,A,0.1667,False
2026_07_21_gym,flight_5,B,0.2500,False
2026_07_21_gym,flight_5,C,0.1667,False
2026_07_21_gym,flight_82,A,0.1429,False
2026_07_21_gym,flight_82,B,0.1714,False
2026_07_21_gym,flight_82,C,0.1429,False
2026_07_21_gym,flight_83,A,0.1951,False
2026_07_21_gym,flight_83,B,0.2927,False
2026_07_21_gym,flight_83,C,0.1951,False
2026_07_21_gym,flight_84,A,0.1154,False
2026_07_21_gym,flight_84,B,0.1154,False
2026_07_21_gym,flight_84,C,0.1538,False
2026_07_21_gym,flight_85,A,0.1250,False
2026_07_21_gym,flight_85,B,0.3250,False
2026_07_21_gym,flight_85,C,0.2750,False
2026_07_21_gym,flight_86,A,0.1818,False
2026_07_21_gym,flight_86,B,0.2121,False
2026_07_21_gym,flight_86,C,0.1818,False
2026_07_21_gym,flight_6,A,0.2381,False
2026_07_21_gym,flight_6,B,0.5000,False
2026_07_21_gym,flight_6,C,0.1905,False
2026_07_21_gym,flight_7,A,0.2143,False
2026_07_21_gym,flight_7,B,0.3214,False
2026_07_21_gym,flight_7,C,0.2500,False
2026_07_21_gym,flight_8,A,0.1389,False
2026_07_21_gym,flight_8,B,0.3611,False
2026_07_21_gym,flight_8,C,0.1667,False
2026_07_21_gym,flight_9,A,0.2195,False
2026_07_21_gym,flight_9,B,0.2927,False
2026_07_21_gym,flight_9,C,0.1707,False
2026_07_21_gym,flight_10,A,0.1875,False
2026_07_21_gym,flight_10,B,0.2188,False
2026_07_21_gym,flight_10,C,0.2188,False
2026_07_21_gym,flight_11,A,0.2407,False
2026_07_21_gym,flight_11,B,0.3148,False
2026_07_21_gym,flight_11,C,0.2593,False
2026_07_21_gym,flight_12,A,0.1220,False
2026_07_21_gym,flight_12,B,0.2195,False
2026_07_21_gym,flight_12,C,0.1220,False
2026_07_21_gym,flight_13,A,0.2128,False
2026_07_21_gym,flight_13,B,0.4894,False
2026_07_21_gym,flight_13,C,0.2340,False
2026_07_21_gym,flight_14,A,0.2051,False
2026_07_21_gym,flight_14,B,0.3077,False
2026_07_21_gym,flight_14,C,0.1795,False
2026_07_21_gym,flight_15,A,0.2593,False
2026_07_21_gym,flight_15,B,0.6111,False
2026_07_21_gym,flight_15,C,0.2963,False
2026_07_21_gym,flight_16,A,0.2222,False
2026_07_21_gym,flight_16,B,0.4167,False
2026_07_21_gym,flight_16,C,0.3056,False
2026_07_21_gym,flight_17,A,0.2105,False
2026_07_21_gym,flight_17,B,0.2632,False
2026_07_21_gym,flight_17,C,0.2105,False
2026_07_21_gym,flight_18,A,0.3594,False
2026_07_21_gym,flight_18,B,0.5469,False
2026_07_21_gym,flight_18,C,0.3281,False
2026_07_21_gym,flight_19,A,0.3333,False
2026_07_21_gym,flight_19,B,0.6000,False
2026_07_21_gym,flight_19,C,0.3333,False
2026_07_21_gym,flight_20,A,0.2200,False
2026_07_21_gym,flight_20,B,0.4600,False
2026_07_21_gym,flight_20,C,0.2400,False
2026_07_21_gym,flight_21,A,0.4146,False
2026_07_21_gym,flight_21,B,0.5244,False
2026_07_21_gym,flight_21,C,0.3780,False
2026_07_21_gym,flight_22,A,0.2329,False
2026_07_21_gym,flight_22,B,0.4247,False
2026_07_21_gym,flight_22,C,0.2603,False
2026_07_21_gym,flight_23,A,0.2564,False
2026_07_21_gym,flight_23,B,0.5897,False
2026_07_21_gym,flight_23,C,0.2821,False
2026_07_21_gym,flight_24,A,0.3117,False
2026_07_21_gym,flight_24,B,0.5325,False
2026_07_21_gym,flight_24,C,0.2857,False
2026_07_21_gym,flight_25,A,0.3924,False
2026_07_21_gym,flight_25,B,0.6203,False
2026_07_21_gym,flight_25,C,0.4177,False
2026_07_21_gym,flight_26,A,0.4217,False
2026_07_21_gym,flight_26,B,0.5904,False
2026_07_21_gym,flight_26,C,0.3855,False
2026_07_21_gym,flight_27,A,0.3158,False
2026_07_21_gym,flight_27,B,0.4342,False
2026_07_21_gym,flight_27,C,0.3158,False
2026_07_21_gym,flight_28,A,0.3056,False
2026_07_21_gym,flight_28,B,0.4444,False
2026_07_21_gym,flight_28,C,0.3750,False
2026_07_21_gym,flight_29,A,0.3529,False
2026_07_21_gym,flight_29,B,0.4941,False
2026_07_21_gym,flight_29,C,0.3059,False
2026_07_21_gym,flight_30,A,0.2892,False
2026_07_21_gym,flight_30,B,0.4940,False
2026_07_21_gym,flight_30,C,0.2892,False
2026_07_21_gym,flight_31,A,0.3553,False
2026_07_21_gym,flight_31,B,0.4605,False
2026_07_21_gym,flight_31,C,0.2632,False
2026_07_21_gym,flight_32,A,0.3140,False
2026_07_21_gym,flight_32,B,0.5581,False
2026_07_21_gym,flight_32,C,0.3023,False
2026_07_21_gym,flight_33,A,0.3590,False
2026_07_21_gym,flight_33,B,0.5000,False
2026_07_21_gym,flight_33,C,0.2692,False
2026_07_21_gym,flight_34,A,0.3544,False
2026_07_21_gym,flight_34,B,0.4937,False
2026_07_21_gym,flight_34,C,0.3038,False
2026_07_21_gym,flight_35,A,0.4881,False
2026_07_21_gym,flight_35,B,0.6429,False
2026_07_21_gym,flight_35,C,0.4405,False
2026_07_21_gym,flight_36,A,0.3086,False
2026_07_21_gym,flight_36,B,0.5062,False
2026_07_21_gym,flight_36,C,0.3210,False
2026_07_21_gym,flight_37,A,0.4512,False
2026_07_21_gym,flight_37,B,0.5732,False
2026_07_21_gym,flight_37,C,0.4146,False
2026_07_21_gym,flight_38,A,0.5116,False
2026_07_21_gym,flight_38,B,0.6395,False
2026_07_21_gym,flight_38,C,0.4186,False
2026_07_21_gym,flight_39,A,0.4074,False
2026_07_21_gym,flight_39,B,0.6420,False
2026_07_21_gym,flight_39,C,0.3704,False
2026_07_21_gym,flight_40,A,0.3750,False
2026_07_21_gym,flight_40,B,0.5833,False
2026_07_21_gym,flight_40,C,0.4167,False
2026_07_21_gym,flight_41,A,0.4828,False
2026_07_21_gym,flight_41,B,0.5977,False
2026_07_21_gym,flight_41,C,0.4828,False
2026_07_21_gym,flight_42,A,0.4643,False
2026_07_21_gym,flight_42,B,0.5476,False
2026_07_21_gym,flight_42,C,0.4048,False
2026_07_21_gym,flight_43,A,0.3059,False
2026_07_21_gym,flight_43,B,0.5647,False
2026_07_21_gym,flight_43,C,0.2235,False
2026_07_21_gym,flight_44,A,0.5789,False
2026_07_21_gym,flight_44,B,0.6711,False
2026_07_21_gym,flight_44,C,0.4605,False
2026_07_21_gym,flight_45,A,0.4211,False
2026_07_21_gym,flight_45,B,0.6579,False
2026_07_21_gym,flight_45,C,0.4079,False
2026_07_21_gym,flight_46,A,0.2716,False
2026_07_21_gym,flight_46,B,0.4444,False
2026_07_21_gym,flight_46,C,0.2593,False
2026_07_21_gym,flight_47,A,0.3444,False
2026_07_21_gym,flight_47,B,0.6444,False
2026_07_21_gym,flight_47,C,0.2667,False
2026_07_21_gym,flight_48,A,0.4250,False
2026_07_21_gym,flight_48,B,0.7000,False
2026_07_21_gym,flight_48,C,0.3625,False
2026_07_21_gym,flight_49,A,0.3810,False
2026_07_21_gym,flight_49,B,0.6310,False
2026_07_21_gym,flight_49,C,0.3452,False
2026_07_21_gym,flight_50,A,0.5641,False
2026_07_21_gym,flight_50,B,0.6795,False
2026_07_21_gym,flight_50,C,0.5256,False
2026_07_21_gym,flight_51,A,0.5109,False
2026_07_21_gym,flight_51,B,0.7174,False
2026_07_21_gym,flight_51,C,0.4457,False
2026_07_21_gym,flight_52,A,0.3444,False
2026_07_21_gym,flight_52,B,0.6667,False
2026_07_21_gym,flight_52,C,0.2778,False
2026_07_21_gym,flight_53,A,0.2273,False
2026_07_21_gym,flight_53,B,0.6023,False
2026_07_21_gym,flight_53,C,0.2159,False
2026_07_21_gym,flight_54,A,0.3000,False
2026_07_21_gym,flight_54,B,0.5571,False
2026_07_21_gym,flight_54,C,0.2429,False
2026_07_21_gym,flight_55,A,0.4000,False
2026_07_21_gym,flight_55,B,0.5625,False
2026_07_21_gym,flight_55,C,0.3375,False
2026_07_21_gym,flight_56,A,0.3827,False
2026_07_21_gym,flight_56,B,0.4815,False
2026_07_21_gym,flight_56,C,0.3210,False
2026_07_21_gym,flight_57,A,0.3293,False
2026_07_21_gym,flight_57,B,0.5244,False
2026_07_21_gym,flight_57,C,0.2317,False
2026_07_21_gym,flight_58,A,0.4615,False
2026_07_21_gym,flight_58,B,0.6484,False
2026_07_21_gym,flight_58,C,0.3956,False
2026_07_21_gym,flight_59,A,0.4944,False
2026_07_21_gym,flight_59,B,0.7528,False
2026_07_21_gym,flight_59,C,0.4157,False
2026_07_21_gym,flight_60,A,0.3371,False
2026_07_21_gym,flight_60,B,0.5056,False
2026_07_21_gym,flight_60,C,0.2921,False
2026_07_21_gym,flight_61,A,0.2750,False
2026_07_21_gym,flight_61,B,0.2500,False
2026_07_21_gym,flight_61,C,0.2000,False
2026_07_21_gym,flight_62,A,0.3953,False
2026_07_21_gym,flight_62,B,0.6047,False
2026_07_21_gym,flight_62,C,0.3721,False
2026_07_21_gym,flight_63,A,0.2727,False
2026_07_21_gym,flight_63,B,0.3864,False
2026_07_21_gym,flight_63,C,0.2727,False
2026_07_21_gym,flight_64,A,0.3617,False
2026_07_21_gym,flight_64,B,0.5532,False
2026_07_21_gym,flight_64,C,0.3404,False
2026_07_21_gym,flight_65,A,0.3953,False
2026_07_21_gym,flight_65,B,0.5116,False
2026_07_21_gym,flight_65,C,0.3721,False
2026_07_21_gym,flight_66,A,0.1944,False
2026_07_21_gym,flight_66,B,0.2778,False
2026_07_21_gym,flight_66,C,0.1667,False
2026_07_21_gym,flight_67,A,0.1852,False
2026_07_21_gym,flight_67,B,0.1852,False
2026_07_21_gym,flight_67,C,0.1852,False
2026_07_21_gym,flight_68,A,0.3000,False
2026_07_21_gym,flight_68,B,0.4800,False
2026_07_21_gym,flight_68,C,0.2800,False
2026_07_21_gym,flight_69,A,0.3333,False
2026_07_21_gym,flight_69,B,0.6250,False
2026_07_21_gym,flight_69,C,0.3542,False
2026_07_21_gym,flight_70,A,0.1795,False
2026_07_21_gym,flight_70,B,0.3333,False
2026_07_21_gym,flight_70,C,0.2051,False
2026_07_21_gym,flight_71,A,0.0385,False
2026_07_21_gym,flight_71,B,0.0769,False
2026_07_21_gym,flight_71,C,0.0385,False
2026_07_21_gym,flight_72,A,0.3333,False
2026_07_21_gym,flight_72,B,0.4048,False
2026_07_21_gym,flight_72,C,0.2857,False
2026_07_21_gym,flight_73,A,0.2857,False
2026_07_21_gym,flight_73,B,0.5179,False
2026_07_21_gym,flight_73,C,0.3393,False
2026_07_21_gym,flight_74,A,0.1957,False
2026_07_21_gym,flight_74,B,0.3913,False
2026_07_21_gym,flight_74,C,0.2826,False
2026_07_21_gym,flight_75,A,0.2174,False
2026_07_21_gym,flight_75,B,0.3478,False
2026_07_21_gym,flight_75,C,0.2609,False
2026_07_21_gym,flight_76,A,0.2917,False
2026_07_21_gym,flight_76,B,0.4583,False
2026_07_21_gym,flight_76,C,0.2917,False
2026_07_21_gym,flight_77,A,0.1628,False
2026_07_21_gym,flight_77,B,0.3488,False
2026_07_21_gym,flight_77,C,0.1163,False
2026_07_21_gym,flight_78,A,0.2791,False
2026_07_21_gym,flight_78,B,0.3953,False
2026_07_21_gym,flight_78,C,0.2326,False
2026_07_21_gym,flight_79,A,0.1429,False
2026_07_21_gym,flight_79,B,0.2286,False
2026_07_21_gym,flight_79,C,0.1429,False
2026_07_21_gym,flight_80,A,0.1786,False
2026_07_21_gym,flight_80,B,0.2500,False
2026_07_21_gym,flight_80,C,0.2143,False
2026_07_21_gym,flight_81,A,0.0000,False
2026_07_21_gym,flight_81,B,0.1613,False
2026_07_21_gym,flight_81,C,0.0000,False
2026_07_21_gym,flight_87,A,0.3000,False
2026_07_21_gym,flight_87,B,0.4500,False
2026_07_21_gym,flight_87,C,0.2250,False
2026_07_21_gym,flight_88,A,0.2857,False
2026_07_21_gym,flight_88,B,0.4762,False
2026_07_21_gym,flight_88,C,0.2619,False
2026_07_21_gym,flight_89,A,0.1739,False
2026_07_21_gym,flight_89,B,0.1739,False
2026_07_21_gym,flight_89,C,0.1739,False
2026_07_21_gym,flight_90,A,0.1778,False
2026_07_21_gym,flight_90,B,0.4667,False
2026_07_21_gym,flight_90,C,0.1778,False
2026_07_21_gym,flight_91,A,0.1667,False
2026_07_21_gym,flight_91,B,0.3077,False
2026_07_21_gym,flight_91,C,0.1410,False
2026_07_21_gym,flight_92,A,0.2162,False
2026_07_21_gym,flight_92,B,0.3514,False
2026_07_21_gym,flight_92,C,0.1351,False
2026_07_21_gym,flight_93,A,0.3333,False
2026_07_21_gym,flight_93,B,0.5000,False
2026_07_21_gym,flight_93,C,0.2949,False
2026_07_21_gym,flight_94,A,0.4118,False
2026_07_21_gym,flight_94,B,0.5882,False
2026_07_21_gym,flight_94,C,0.3529,False
2026_07_21_gym,flight_95,A,0.3929,False
2026_07_21_gym,flight_95,B,0.6071,False
2026_07_21_gym,flight_95,C,0.3571,False
2026_07_21_gym,flight_96,A,0.2973,False
2026_07_21_gym,flight_96,B,0.4595,False
2026_07_21_gym,flight_96,C,0.2297,False
2026_07_21_gym,flight_97,A,0.2143,False
2026_07_21_gym,flight_97,B,0.3143,False
2026_07_21_gym,flight_97,C,0.2000,False
2026_07_21_gym,flight_98,A,0.1538,False
2026_07_21_gym,flight_98,B,0.4487,False
2026_07_21_gym,flight_98,C,0.1538,False
2026_07_21_gym,flight_99,A,0.3875,False
2026_07_21_gym,flight_99,B,0.4500,False
2026_07_21_gym,flight_99,C,0.2750,False
2026_07_21_gym,flight_100,A,0.3373,False
2026_07_21_gym,flight_100,B,0.5904,False
2026_07_21_gym,flight_100,C,0.3253,False
2026_07_21_gym,flight_101,A,0.3521,False
2026_07_21_gym,flight_101,B,0.3803,False
2026_07_21_gym,flight_101,C,0.2817,False
2026_07_21_gym,flight_102,A,0.2055,False
2026_07_21_gym,flight_102,B,0.3699,False
2026_07_21_gym,flight_102,C,0.1781,False
2026_07_21_gym,flight_103,A,0.3521,False
2026_07_21_gym,flight_103,B,0.4648,False
2026_07_21_gym,flight_103,C,0.3380,False
2026_07_21_gym,flight_104,A,0.3049,False
2026_07_21_gym,flight_104,B,0.4878,False
2026_07_21_gym,flight_104,C,0.2439,False
2026_07_21_gym,flight_105,A,0.4321,False
2026_07_21_gym,flight_105,B,0.5309,False
2026_07_21_gym,flight_105,C,0.3580,False
2026_07_21_gym,flight_106,A,0.4458,False
2026_07_21_gym,flight_106,B,0.6024,False
2026_07_21_gym,flight_106,C,0.4217,False
2026_07_21_gym,flight_107,A,0.3867,False
2026_07_21_gym,flight_107,B,0.5200,False
2026_07_21_gym,flight_107,C,0.4267,False
2026_07_21_gym,flight_108,A,0.4211,False
2026_07_21_gym,flight_108,B,0.5789,False
2026_07_21_gym,flight_108,C,0.3684,False
2026_07_21_gym,flight_109,A,0.3580,False
2026_07_21_gym,flight_109,B,0.6173,False
2026_07_21_gym,flight_109,C,0.3704,False
2026_07_21_gym,flight_110,A,0.3108,False
2026_07_21_gym,flight_110,B,0.4459,False
2026_07_21_gym,flight_110,C,0.2432,False
2026_07_21_gym,flight_111,A,0.3514,False
2026_07_21_gym,flight_111,B,0.5135,False
2026_07_21_gym,flight_111,C,0.2703,False
2026_07_21_gym,flight_112,A,0.5000,False
2026_07_21_gym,flight_112,B,0.5000,False
2026_07_21_gym,flight_112,C,0.4429,False
2026_07_21_gym,flight_113,A,0.3544,False
2026_07_21_gym,flight_113,B,0.4557,False
2026_07_21_gym,flight_113,C,0.2911,False
2026_07_21_gym,flight_114,A,0.3671,False
2026_07_21_gym,flight_114,B,0.6076,False
2026_07_21_gym,flight_114,C,0.3671,False
2026_07_21_gym,flight_115,A,0.2958,False
2026_07_21_gym,flight_115,B,0.3944,False
2026_07_21_gym,flight_115,C,0.2958,False
2026_07_21_gym,flight_116,A,0.3452,False
2026_07_21_gym,flight_116,B,0.5357,False
2026_07_21_gym,flight_116,C,0.2619,False
2026_07_21_gym,flight_117,A,0.3580,False
2026_07_21_gym,flight_117,B,0.5926,False
2026_07_21_gym,flight_117,C,0.3827,False
2026_07_21_gym,flight_118,A,0.3151,False
2026_07_21_gym,flight_118,B,0.5753,False
2026_07_21_gym,flight_118,C,0.3014,False
2026_07_21_gym,flight_119,A,0.2667,False
2026_07_21_gym,flight_119,B,0.3500,False
2026_07_21_gym,flight_119,C,0.2333,False
2026_07_21_gym,flight_120,A,0.3095,False
2026_07_21_gym,flight_120,B,0.5000,False
2026_07_21_gym,flight_120,C,0.2738,False
2026_07_21_gym,flight_121,A,0.4512,False
2026_07_21_gym,flight_121,B,0.6341,False
2026_07_21_gym,flight_121,C,0.4024,False
2026_07_21_gym,flight_122,A,0.4615,False
2026_07_21_gym,flight_122,B,0.6154,False
2026_07_21_gym,flight_122,C,0.4286,False
2026_07_21_gym,flight_123,A,0.5625,False
2026_07_21_gym,flight_123,B,0.6500,False
2026_07_21_gym,flight_123,C,0.4250,False
2026_07_21_gym,flight_124,A,0.3947,False
2026_07_21_gym,flight_124,B,0.5658,False
2026_07_21_gym,flight_124,C,0.4079,False
2026_07_21_gym,flight_125,A,0.3210,False
2026_07_21_gym,flight_125,B,0.5432,False
2026_07_21_gym,flight_125,C,0.3457,False
2026_07_21_gym,flight_126,A,0.3721,False
2026_07_21_gym,flight_126,B,0.6744,False
2026_07_21_gym,flight_126,C,0.3256,False
2026_07_15_gym,flight_01,A,0.1200,False
2026_07_15_gym,flight_01,B,0.1600,False
2026_07_15_gym,flight_01,C,0.0800,False
2026_07_15_gym,flight_11,A,0.5455,False
2026_07_15_gym,flight_11,B,0.8052,False
2026_07_15_gym,flight_11,C,0.5974,False
2026_07_15_gym,flight_12,A,0.5465,False
2026_07_15_gym,flight_12,B,0.7907,False
2026_07_15_gym,flight_12,C,0.4767,False
2026_07_15_gym,flight_13,A,0.1667,False
2026_07_15_gym,flight_13,B,0.2083,False
2026_07_15_gym,flight_13,C,0.2083,False
2026_07_15_gym,flight_14,A,0.3614,False
2026_07_15_gym,flight_14,B,0.7590,False
2026_07_15_gym,flight_14,C,0.4217,False
2026_07_15_gym,flight_15,A,0.4138,False
2026_07_15_gym,flight_15,B,0.7241,False
2026_07_15_gym,flight_15,C,0.4483,False
2026_07_15_gym,flight_17,A,0.4865,False
2026_07_15_gym,flight_17,B,0.7027,False
2026_07_15_gym,flight_17,C,0.5000,False
2026_07_15_gym,flight_19,A,0.4146,False
2026_07_15_gym,flight_19,B,0.6829,False
2026_07_15_gym,flight_19,C,0.3902,False
2026_07_15_gym,flight_20,A,0.3140,False
2026_07_15_gym,flight_20,B,0.6860,False
2026_07_15_gym,flight_20,C,0.2907,False
2026_07_15_gym,flight_21,A,0.3214,False
2026_07_15_gym,flight_21,B,0.5595,False
2026_07_15_gym,flight_21,C,0.2619,False
2026_07_15_gym,flight_22,A,0.5287,False
2026_07_15_gym,flight_22,B,0.7356,False
2026_07_15_gym,flight_22,C,0.4023,False
2026_07_15_gym,flight_23,A,0.2877,False
2026_07_15_gym,flight_23,B,0.6301,False
2026_07_15_gym,flight_23,C,0.2329,False
2026_07_15_gym,flight_24,A,0.3827,False
2026_07_15_gym,flight_24,B,0.5432,False
2026_07_15_gym,flight_24,C,0.2963,False
2026_07_15_gym,flight_25,A,0.3415,False
2026_07_15_gym,flight_25,B,0.7073,False
2026_07_15_gym,flight_25,C,0.2927,False
2026_07_15_gym,flight_26,A,0.4578,False
2026_07_15_gym,flight_26,B,0.7831,False
2026_07_15_gym,flight_26,C,0.3855,False
2026_07_15_gym,flight_27,A,0.4247,False
2026_07_15_gym,flight_27,B,0.7945,False
2026_07_15_gym,flight_27,C,0.3973,False
2026_07_15_gym,flight_28,A,0.2283,False
2026_07_15_gym,flight_28,B,0.5761,False
2026_07_15_gym,flight_28,C,0.1739,False
2026_07_15_gym,flight_29,A,0.1910,False
2026_07_15_gym,flight_29,B,0.5843,False
2026_07_15_gym,flight_29,C,0.1685,False
2026_07_15_gym,flight_31,A,0.3256,False
2026_07_15_gym,flight_31,B,0.5814,False
2026_07_15_gym,flight_31,C,0.2558,False
2026_07_15_gym,flight_33,A,0.2800,False
2026_07_15_gym,flight_33,B,0.5467,False
2026_07_15_gym,flight_33,C,0.2533,False
2026_07_15_gym,flight_36,A,0.4691,False
2026_07_15_gym,flight_36,B,0.6790,False
2026_07_15_gym,flight_36,C,0.4321,False
2026_07_15_gym,flight_38,A,0.2727,False
2026_07_15_gym,flight_38,B,0.3636,False
2026_07_15_gym,flight_38,C,0.2338,False
2026_07_15_gym,flight_43,A,0.3448,False
2026_07_15_gym,flight_43,B,0.5977,False
2026_07_15_gym,flight_43,C,0.3678,False
2026_07_15_gym,flight_45,A,0.2593,False
2026_07_15_gym,flight_45,B,0.5062,False
2026_07_15_gym,flight_45,C,0.2716,False
2026_07_15_gym,flight_47,A,0.4091,False
2026_07_15_gym,flight_47,B,0.5568,False
2026_07_15_gym,flight_47,C,0.3182,False
2026_07_15_gym,flight_48,A,0.4024,False
2026_07_15_gym,flight_48,B,0.6829,False
2026_07_15_gym,flight_48,C,0.3537,False
2026_07_15_gym,flight_49,A,0.4103,False
2026_07_15_gym,flight_49,B,0.5641,False
2026_07_15_gym,flight_49,C,0.3333,False
2026_07_15_gym,flight_50,A,0.2676,False
2026_07_15_gym,flight_50,B,0.4648,False
2026_07_15_gym,flight_50,C,0.2817,False
2026_07_15_gym,flight_52,A,0.3148,False
2026_07_15_gym,flight_52,B,0.5185,False
2026_07_15_gym,flight_52,C,0.2407,False
2026_07_15_gym,flight_53,A,0.3333,False
2026_07_15_gym,flight_53,B,0.4872,False
2026_07_15_gym,flight_53,C,0.3077,False
2026_07_15_gym,flight_54,A,0.2059,False
2026_07_15_gym,flight_54,B,0.2353,False
2026_07_15_gym,flight_54,C,0.2059,False
2026_07_15_gym,flight_55,A,0.0714,False
2026_07_15_gym,flight_55,B,0.0714,False
2026_07_15_gym,flight_55,C,0.0714,False
2026_07_15_gym,flight_56,A,0.2973,False
2026_07_15_gym,flight_56,B,0.4324,False
2026_07_15_gym,flight_56,C,0.2703,False
2026_07_15_gym,flight_57,A,0.0400,False
2026_07_15_gym,flight_57,B,0.0400,False
2026_07_15_gym,flight_57,C,0.0800,False
2026_07_15_gym,flight_58,A,0.0556,False
2026_07_15_gym,flight_58,B,0.0556,False
2026_07_15_gym,flight_58,C,0.0556,False
2026_07_15_gym,flight_59,A,0.0000,False
2026_07_15_gym,flight_59,B,0.0000,False
2026_07_15_gym,flight_59,C,0.0000,False
2026_07_15_gym,flight_60,A,0.2500,False
2026_07_15_gym,flight_60,B,0.4250,False
2026_07_15_gym,flight_60,C,0.1750,False
