registration,session,flight_id,cls,elevation_deg,speed_m_s,t_start_ms,t_cross_ms,launch_to_crossing_ms
REG_21_1,2026_07_21_gym,flight_1,MISS_HIGH_WIDE,57.6013,7.9761,0.0,1215.097067152567,1215.097067152567
REG_21_1,2026_07_21_gym,flight_2,HIT,-6.041,8.8544,0.0,492.8409933411855,492.8409933411855
REG_21_1,2026_07_21_gym,flight_3,HIT,5.2681,9.9503,0.0,516.6109301759296,516.6109301759296
REG_21_1,2026_07_21_gym,flight_6,HIT,6.6051,8.3031,0.0,591.6463021518751,591.6463021518751
REG_21_1,2026_07_21_gym,flight_9,HIT,3.7486,8.7304,0.0,565.977469731776,565.977469731776
REG_21_1,2026_07_21_gym,flight_11,HIT,23.5838,6.4784,0.0,870.7220412010364,870.7220412010364
REG_21_1,2026_07_21_gym,flight_12,HIT,4.2228,8.3116,0.0,617.5044596071934,617.5044596071934
REG_21_1,2026_07_21_gym,flight_13,HIT,9.1875,8.3582,0.0,655.2415516812634,655.2415516812634
REG_21_1,2026_07_21_gym,flight_14,HIT,1.7918,8.1774,0.0,602.8445683156178,602.8445683156178
REG_21_1,2026_07_21_gym,flight_15,HIT,15.9891,8.6411,0.0,663.1126392997545,663.1126392997545
REG_21_1,2026_07_21_gym,flight_16,HIT,-1.3703,9.0201,0.0,544.6641585790109,544.6641585790109
REG_21_1,2026_07_21_gym,flight_18,MISS_HIGH_WIDE,29.167,6.366,0.0,1059.9271503177622,1059.9271503177622
REG_21_1,2026_07_21_gym,flight_19,HIT,24.185,6.8964,0.0,891.7300401253752,891.7300401253752
REG_21_1,2026_07_21_gym,flight_20,HIT,11.3098,7.639,0.0,662.0344073743249,662.0344073743249
REG_21_1,2026_07_21_gym,flight_21,HIT,51.4332,7.2573,0.0,1123.3702293074211,1123.3702293074211
REG_21_1,2026_07_21_gym,flight_23,HIT,49.1548,7.1621,0.0,1062.831800679132,1062.831800679132
REG_21_1,2026_07_21_gym,flight_24,HIT,49.3279,6.7053,0.0,1156.7636803839623,1156.7636803839623
REG_21_1,2026_07_21_gym,flight_25,MISS_HIGH_WIDE,46.6245,9.0988,0.0,1050.203098096655,1050.203098096655
REG_21_1,2026_07_21_gym,flight_29,MISS_HIGH_WIDE,57.3596,7.4062,0.0,1283.570320133403,1283.570320133403
REG_21_1,2026_07_21_gym,flight_35,MISS_HIGH_WIDE,54.9844,8.6273,0.0,1185.8623571814417,1185.8623571814417
REG_21_1,2026_07_21_gym,flight_36,HIT,50.5123,8.0208,0.0,1257.7537168207348,1257.7537168207348
REG_21_1,2026_07_21_gym,flight_39,HIT,54.9376,7.0754,0.0,1238.2345253944416,1238.2345253944416
REG_21_1,2026_07_21_gym,flight_40,HIT,48.1513,6.7268,0.0,1101.3130091345947,1101.3130091345947
REG_21_1,2026_07_21_gym,flight_43,HIT,54.4041,7.7007,0.0,1356.4455763990798,1356.4455763990798
REG_21_1,2026_07_21_gym,flight_45,HIT,48.7208,7.4284,0.0,1243.1254193314476,1243.1254193314476
REG_21_1,2026_07_21_gym,flight_47,HIT,55.7258,7.2134,0.0,1354.3796932060986,1354.3796932060986
REG_21_1,2026_07_21_gym,flight_48,MISS_HIGH_WIDE,45.8987,8.1129,0.0,1047.7817452174625,1047.7817452174625
REG_21_1,2026_07_21_gym,flight_49,HIT,51.2249,7.1451,0.0,1174.039919946182,1174.039919946182
REG_21_1,2026_07_21_gym,flight_51,HIT,56.1528,7.6495,0.0,1368.7562987667009,1368.7562987667009
REG_21_1,2026_07_21_gym,flight_52,HIT,56.3789,8.4043,0.0,1343.7337569892848,1343.7337569892848
REG_21_1,2026_07_21_gym,flight_53,HIT,56.4964,7.1887,0.0,1438.1687101116224,1438.1687101116224
REG_21_1,2026_07_21_gym,flight_54,HIT,37.2781,7.3433,0.0,959.5668918925114,959.5668918925114
REG_21_1,2026_07_21_gym,flight_55,HIT,47.9412,7.4787,0.0,1166.2222776718213,1166.2222776718213
REG_21_1,2026_07_21_gym,flight_56,HIT,45.105,6.8579,0.0,1251.744467591496,1251.744467591496
REG_21_1,2026_07_21_gym,flight_57,HIT,51.9377,6.5426,0.0,1261.8555351884909,1261.8555351884909
REG_21_1,2026_07_21_gym,flight_58,HIT,58.2708,7.213,0.0,1331.6387037117497,1331.6387037117497
REG_21_1,2026_07_21_gym,flight_59,HIT,59.8716,7.0802,0.0,1472.020619136188,1472.020619136188
REG_21_2,2026_07_21_gym,flight_61,HIT,3.7287,7.3063,0.0,633.0066295661782,633.0066295661782
REG_21_2,2026_07_21_gym,flight_62,HIT,8.5915,9.3988,0.0,551.4304902786489,551.4304902786489
REG_21_2,2026_07_21_gym,flight_63,HIT,4.3564,9.0177,0.0,613.2055940441851,613.2055940441851
REG_21_2,2026_07_21_gym,flight_64,HIT,12.7008,7.5124,0.0,629.1047424812049,629.1047424812049
REG_21_2,2026_07_21_gym,flight_65,HIT,9.1867,6.7413,0.0,663.2031740471182,663.2031740471182
REG_21_2,2026_07_21_gym,flight_66,HIT,-1.4275,7.4326,0.0,577.368968304612,577.368968304612
REG_21_2,2026_07_21_gym,flight_68,HIT,11.6013,8.3266,0.0,685.2593020611113,685.2593020611113
REG_21_2,2026_07_21_gym,flight_69,HIT,13.419,8.6752,0.0,620.1356508904622,620.1356508904622
REG_21_2,2026_07_21_gym,flight_70,HIT,2.0268,9.1683,0.0,568.9490972299355,568.9490972299355
REG_21_2,2026_07_21_gym,flight_72,HIT,4.4289,8.5074,0.0,624.8377841131044,624.8377841131044
REG_21_2,2026_07_21_gym,flight_73,HIT,19.1816,7.7321,0.0,747.9368429440208,747.9368429440208
REG_21_2,2026_07_21_gym,flight_74,HIT,12.0959,8.8953,0.0,611.8831454534521,611.8831454534521
REG_21_2,2026_07_21_gym,flight_75,HIT,8.0944,7.3402,0.0,640.1713645679808,640.1713645679808
REG_21_2,2026_07_21_gym,flight_76,HIT,12.8912,7.6191,0.0,713.5933345845741,713.5933345845741
REG_21_2,2026_07_21_gym,flight_77,HIT,7.5748,7.9917,0.0,672.5986406367784,672.5986406367784
REG_21_2,2026_07_21_gym,flight_78,HIT,5.3087,8.9979,0.0,572.6167102125659,572.6167102125659
REG_21_2,2026_07_21_gym,flight_79,HIT,-3.163,9.6485,0.0,491.45086600292063,491.45086600292063
REG_21_2,2026_07_21_gym,flight_82,HIT,-0.6467,9.6892,0.0,536.63202803001,536.63202803001
REG_21_2,2026_07_21_gym,flight_83,HIT,3.4124,9.4838,0.0,552.7402161267195,552.7402161267195
REG_21_2,2026_07_21_gym,flight_85,HIT,7.2403,9.5095,0.0,535.4952384659498,535.4952384659498
REG_21_2,2026_07_21_gym,flight_86,HIT,-2.7924,9.8675,0.0,505.41005400409244,505.41005400409244
REG_21_2,2026_07_21_gym,flight_87,HIT,4.3277,9.5076,0.0,547.5656675373928,547.5656675373928
REG_21_2,2026_07_21_gym,flight_88,MISS_HIGH_WIDE,9.172,9.2515,0.0,612.6579031705551,612.6579031705551
REG_21_2,2026_07_21_gym,flight_90,HIT,8.167,8.2329,0.0,625.0101559521864,625.0101559521864
REG_21_2,2026_07_21_gym,flight_92,HIT,47.8113,6.9109,0.0,1135.7767266296146,1135.7767266296146
REG_21_2,2026_07_21_gym,flight_93,MISS_HIGH_WIDE,51.6664,7.1569,0.0,1164.0902170335623,1164.0902170335623
REG_21_2,2026_07_21_gym,flight_94,HIT,54.6049,7.754,0.0,1185.7585017690276,1185.7585017690276
REG_21_2,2026_07_21_gym,flight_95,MISS_HIGH_WIDE,53.1688,7.6665,0.0,1110.9153242369007,1110.9153242369007
REG_21_2,2026_07_21_gym,flight_96,HIT,48.9588,6.5829,0.0,1229.4583807205713,1229.4583807205713
REG_21_2,2026_07_21_gym,flight_98,HIT,52.9293,7.0995,0.0,1256.0062346740774,1256.0062346740774
REG_21_2,2026_07_21_gym,flight_100,HIT,50.2487,7.2214,0.0,1122.490207952372,1122.490207952372
REG_21_2,2026_07_21_gym,flight_103,HIT,50.1839,6.7421,0.0,1152.9212179795272,1152.9212179795272
REG_21_2,2026_07_21_gym,flight_104,HIT,55.1736,6.8293,0.0,1382.11,1382.11
REG_21_2,2026_07_21_gym,flight_106,HIT,56.8677,7.1562,0.0,1295.4100905769553,1295.4100905769553
REG_21_2,2026_07_21_gym,flight_107,HIT,49.6205,7.2454,0.0,1255.3945467394808,1255.3945467394808
REG_21_2,2026_07_21_gym,flight_108,HIT,53.335,6.7965,0.0,1274.8514736936575,1274.8514736936575
REG_21_2,2026_07_21_gym,flight_109,HIT,51.1899,7.2445,0.0,1080.8534488470289,1080.8534488470289
REG_21_2,2026_07_21_gym,flight_114,HIT,50.4139,6.6868,0.0,1195.0434146055482,1195.0434146055482
REG_21_2,2026_07_21_gym,flight_115,HIT,42.3379,6.5829,0.0,1078.6402725951236,1078.6402725951236
REG_21_2,2026_07_21_gym,flight_117,HIT,51.2242,6.5073,0.0,1269.6332958242108,1269.6332958242108
REG_21_2,2026_07_21_gym,flight_118,HIT,41.2866,6.4,0.0,1080.9885242520609,1080.9885242520609
REG_21_2,2026_07_21_gym,flight_119,HIT,33.404,6.2268,0.0,984.3851083329957,984.3851083329957
REG_21_2,2026_07_21_gym,flight_121,HIT,52.0173,8.0446,0.0,1236.774892537247,1236.774892537247
REG_21_2,2026_07_21_gym,flight_122,HIT,58.783,7.5861,0.0,1470.4473684227917,1470.4473684227917
REG_21_2,2026_07_21_gym,flight_123,HIT,52.2674,7.1392,0.0,1200.653339494835,1200.653339494835
REG_21_2,2026_07_21_gym,flight_124,MISS_HIGH_WIDE,51.3972,7.5926,0.0,1209.878637718904,1209.878637718904
REG_21_2,2026_07_21_gym,flight_125,HIT,48.5165,7.6131,0.0,1278.8317261332274,1278.8317261332274
REG_21_2,2026_07_21_gym,flight_126,MISS_HIGH_WIDE,51.2509,7.0209,0.0,1279.7346693318977,1279.7346693318977
REG_15,2026_07_15_gym,flight_11,MISS_HIGH_WIDE,53.2846,8.359,0.0,1204.723509224763,1204.723509224763
REG_15,2026_07_15_gym,flight_12,HIT,60.379,7.5605,0.0,1383.7809672573765,1383.7809672573765
REG_15,2026_07_15_gym,flight_14,HIT,52.0559,7.4665,0.0,1277.2821674490751,1277.2821674490751
REG_15,2026_07_15_gym,flight_15,HIT,58.8595,7.8234,0.0,1559.34822093119,1559.34822093119
REG_15,2026_07_15_gym,flight_17,MISS_HIGH_WIDE,31.0086,7.7334,0.0,1120.588322916062,1120.588322916062
REG_15,2026_07_15_gym,flight_19,MISS_HIGH_WIDE,49.165,7.732,0.0,1095.8074523611567,1095.8074523611567
REG_15,2026_07_15_gym,flight_20,MISS_HIGH_WIDE,51.8478,7.8492,0.0,1146.7397324892738,1146.7397324892738
REG_15,2026_07_15_gym,flight_21,MISS_HIGH_WIDE,52.8243,7.5954,0.0,1147.2811542193565,1147.2811542193565
REG_15,2026_07_15_gym,flight_22,MISS_HIGH_WIDE,54.4048,7.1253,0.0,1402.7757530220802,1402.7757530220802
REG_15,2026_07_15_gym,flight_23,HIT,50.3444,6.9632,0.0,1157.2053635600043,1157.2053635600043
REG_15,2026_07_15_gym,flight_24,HIT,52.7013,7.1069,0.0,1170.433858859495,1170.433858859495
REG_15,2026_07_15_gym,flight_25,MISS_HIGH_WIDE,54.5116,7.6467,0.0,1195.0360914847183,1195.0360914847183
REG_15,2026_07_15_gym,flight_26,MISS_HIGH_WIDE,54.0811,7.281,0.0,1269.1160002666809,1269.1160002666809
REG_15,2026_07_15_gym,flight_28,MISS_HIGH_WIDE,59.2698,7.6331,0.0,1391.2691816521783,1391.2691816521783
REG_15,2026_07_15_gym,flight_29,HIT,59.2824,7.3274,0.0,1480.5719873364435,1480.5719873364435
REG_15,2026_07_15_gym,flight_33,HIT,44.22,6.6328,0.0,1118.559503006958,1118.559503006958
REG_15,2026_07_15_gym,flight_36,HIT,57.5321,6.3099,0.0,1365.4679999999998,1365.4679999999998
REG_15,2026_07_15_gym,flight_48,HIT,59.2928,7.6344,0.0,1261.6586550633097,1261.6586550633097
REG_15,2026_07_15_gym,flight_52,HIT,20.4421,7.5127,0.0,788.4426345297898,788.4426345297898
REG_15,2026_07_15_gym,flight_53,HIT,3.3267,8.9106,0.0,582.2793551064459,582.2793551064459
REG_15,2026_07_15_gym,flight_56,HIT,0.8924,8.274,0.0,512.4399218857279,512.4399218857279
REG_15,2026_07_15_gym,flight_60,HIT,2.0948,7.6694,0.0,570.7628877513106,570.7628877513106
