flight,ellipse_combined_rate,rect_combined_rate,delta_pp,flagged_regression
2026_07_15_gym/flight_01,1.0000,1.0000,0.00,
2026_07_15_gym/flight_11,0.8370,0.7500,-8.70,YES
2026_07_15_gym/flight_12,0.9348,0.9130,-2.18,YES
2026_07_15_gym/flight_13,0.6400,0.6133,-2.67,YES
2026_07_15_gym/flight_14,0.9222,0.9222,0.00,
2026_07_15_gym/flight_15,0.8969,0.8557,-4.12,YES
2026_07_15_gym/flight_17,0.8409,0.7386,-10.23,YES
2026_07_15_gym/flight_19,0.9425,0.9080,-3.45,YES
2026_07_15_gym/flight_20,0.9663,0.9438,-2.25,YES
2026_07_15_gym/flight_21,0.9655,0.9540,-1.15,
2026_07_15_gym/flight_22,0.9560,0.8571,-9.89,YES
2026_07_15_gym/flight_23,0.9125,0.9250,1.25,
2026_07_15_gym/flight_24,0.9643,0.9762,1.19,
2026_07_15_gym/flight_25,0.9111,0.9222,1.11,
2026_07_15_gym/flight_26,0.9540,0.9310,-2.30,YES
2026_07_15_gym/flight_27,0.9359,0.9231,-1.28,
2026_07_15_gym/flight_28,1.0000,0.9348,-6.52,YES
2026_07_15_gym/flight_29,0.9889,0.9556,-3.33,YES
2026_07_15_gym/flight_31,0.9885,1.0000,1.15,
2026_07_15_gym/flight_33,0.9615,0.9231,-3.84,YES
2026_07_15_gym/flight_36,0.9759,0.8916,-8.43,YES
2026_07_15_gym/flight_38,1.0000,0.9740,-2.60,YES
2026_07_15_gym/flight_43,0.9886,0.9318,-5.68,YES
2026_07_15_gym/flight_45,0.9529,0.9294,-2.35,YES
2026_07_15_gym/flight_47,0.9263,0.9158,-1.05,
2026_07_15_gym/flight_48,0.9111,0.8667,-4.44,YES
2026_07_15_gym/flight_49,0.8966,0.8966,0.00,
2026_07_15_gym/flight_50,0.8452,0.8810,3.58,
2026_07_15_gym/flight_52,0.9821,0.9643,-1.78,
2026_07_15_gym/flight_53,0.9756,0.9756,0.00,
2026_07_15_gym/flight_54,0.9714,0.9714,0.00,
2026_07_15_gym/flight_55,1.0000,1.0000,0.00,
2026_07_15_gym/flight_56,0.9737,0.9737,0.00,
2026_07_15_gym/flight_57,1.0000,1.0000,0.00,
2026_07_15_gym/flight_58,1.0000,1.0000,0.00,
2026_07_15_gym/flight_59,1.0000,1.0000,0.00,
2026_07_15_gym/flight_60,0.9756,1.0000,2.44,
2026_07_21_gym/flight_1,0.9560,0.9121,-4.39,YES
2026_07_21_gym/flight_10,0.9697,0.9394,-3.03,YES
2026_07_21_gym/flight_100,0.9765,0.8941,-8.24,YES
2026_07_21_gym/flight_101,0.9861,0.9583,-2.78,YES
2026_07_21_gym/flight_102,0.9241,0.9114,-1.27,
2026_07_21_gym/flight_103,0.9342,0.8947,-3.95,YES
2026_07_21_gym/flight_104,0.9762,0.9643,-1.19,
2026_07_21_gym/flight_105,0.9880,0.9759,-1.21,
2026_07_21_gym/flight_106,0.9326,0.9438,1.12,
2026_07_21_gym/flight_107,0.9744,1.0000,2.56,
2026_07_21_gym/flight_108,0.9620,0.9241,-3.79,YES
2026_07_21_gym/flight_109,0.9759,0.9518,-2.41,YES
2026_07_21_gym/flight_11,0.9643,0.9821,1.78,
2026_07_21_gym/flight_110,1.0000,0.9600,-4.00,YES
2026_07_21_gym/flight_111,0.9868,0.9868,0.00,
2026_07_21_gym/flight_112,0.9467,0.8800,-6.67,YES
2026_07_21_gym/flight_113,1.0000,0.9625,-3.75,YES
2026_07_21_gym/flight_114,0.9875,0.9375,-5.00,YES
2026_07_21_gym/flight_115,0.9342,0.9342,0.00,
2026_07_21_gym/flight_116,0.9767,0.9767,0.00,
2026_07_21_gym/flight_117,0.9878,0.9268,-6.10,YES
2026_07_21_gym/flight_118,0.9865,0.9730,-1.35,
2026_07_21_gym/flight_119,0.9375,0.9531,1.56,
2026_07_21_gym/flight_12,0.9762,0.9524,-2.38,YES
2026_07_21_gym/flight_120,1.0000,0.9762,-2.38,YES
2026_07_21_gym/flight_121,0.9540,0.8966,-5.74,YES
2026_07_21_gym/flight_122,0.9579,0.9789,2.10,
2026_07_21_gym/flight_123,0.9302,0.8953,-3.49,YES
2026_07_21_gym/flight_124,0.9634,0.9024,-6.10,YES
2026_07_21_gym/flight_125,1.0000,0.9878,-1.22,
2026_07_21_gym/flight_126,1.0000,0.9884,-1.16,
2026_07_21_gym/flight_13,1.0000,0.9787,-2.13,YES
2026_07_21_gym/flight_14,1.0000,1.0000,0.00,
2026_07_21_gym/flight_15,1.0000,1.0000,0.00,
2026_07_21_gym/flight_16,1.0000,0.9444,-5.56,YES
2026_07_21_gym/flight_17,1.0000,0.9474,-5.26,YES
2026_07_21_gym/flight_18,0.9846,0.9538,-3.08,YES
2026_07_21_gym/flight_19,1.0000,0.9667,-3.33,YES
2026_07_21_gym/flight_2,0.9677,0.8710,-9.67,YES
2026_07_21_gym/flight_20,1.0000,0.9600,-4.00,YES
2026_07_21_gym/flight_21,0.9762,0.9286,-4.76,YES
2026_07_21_gym/flight_22,0.9737,0.9605,-1.32,
2026_07_21_gym/flight_23,0.9873,0.9747,-1.26,
2026_07_21_gym/flight_24,1.0000,0.9610,-3.90,YES
2026_07_21_gym/flight_25,0.9405,0.9048,-3.57,YES
2026_07_21_gym/flight_26,0.9881,0.9881,0.00,
2026_07_21_gym/flight_27,1.0000,0.9868,-1.32,
2026_07_21_gym/flight_28,0.9600,0.8933,-6.67,YES
2026_07_21_gym/flight_29,0.9884,0.9884,0.00,
2026_07_21_gym/flight_3,0.9512,0.9756,2.44,
2026_07_21_gym/flight_30,1.0000,0.9639,-3.61,YES
2026_07_21_gym/flight_31,0.9744,0.9615,-1.29,
2026_07_21_gym/flight_32,0.9885,1.0000,1.15,
2026_07_21_gym/flight_33,0.9875,0.9125,-7.50,YES
2026_07_21_gym/flight_34,0.9753,0.9877,1.24,
2026_07_21_gym/flight_35,0.9451,0.9121,-3.30,YES
2026_07_21_gym/flight_36,0.9762,0.9881,1.19,
2026_07_21_gym/flight_37,0.9881,0.9405,-4.76,YES
2026_07_21_gym/flight_38,0.9255,0.8830,-4.25,YES
2026_07_21_gym/flight_39,0.9643,0.9167,-4.76,YES
2026_07_21_gym/flight_4,1.0000,0.9714,-2.86,YES
2026_07_21_gym/flight_40,0.9474,0.9474,0.00,
2026_07_21_gym/flight_41,0.9778,0.9222,-5.56,YES
2026_07_21_gym/flight_42,0.9545,0.9205,-3.40,YES
2026_07_21_gym/flight_43,0.9773,0.9659,-1.14,
2026_07_21_gym/flight_44,0.9506,0.9136,-3.70,YES
2026_07_21_gym/flight_45,0.9625,0.9750,1.25,
2026_07_21_gym/flight_46,0.9205,0.8977,-2.28,YES
2026_07_21_gym/flight_47,0.9890,0.9011,-8.79,YES
2026_07_21_gym/flight_48,0.9878,0.9634,-2.44,YES
2026_07_21_gym/flight_49,0.9767,0.9767,0.00,
2026_07_21_gym/flight_5,1.0000,0.9722,-2.78,YES
2026_07_21_gym/flight_50,0.9070,0.8140,-9.30,YES
2026_07_21_gym/flight_51,0.9684,0.8947,-7.37,YES
2026_07_21_gym/flight_52,1.0000,0.9780,-2.20,YES
2026_07_21_gym/flight_53,0.9778,0.9333,-4.45,YES
2026_07_21_gym/flight_54,1.0000,0.9859,-1.41,
2026_07_21_gym/flight_55,0.9878,0.9756,-1.22,
2026_07_21_gym/flight_56,0.9878,0.9146,-7.32,YES
2026_07_21_gym/flight_57,0.9639,0.9157,-4.82,YES
2026_07_21_gym/flight_58,0.9468,0.9043,-4.25,YES
2026_07_21_gym/flight_59,0.8958,0.8750,-2.08,YES
2026_07_21_gym/flight_6,1.0000,0.9762,-2.38,YES
2026_07_21_gym/flight_60,0.9783,0.9783,0.00,
2026_07_21_gym/flight_61,0.9524,1.0000,4.76,
2026_07_21_gym/flight_62,0.9556,0.9556,0.00,
2026_07_21_gym/flight_63,1.0000,0.9091,-9.09,YES
2026_07_21_gym/flight_64,0.9796,1.0000,2.04,
2026_07_21_gym/flight_65,0.9778,0.9778,0.00,
2026_07_21_gym/flight_66,1.0000,1.0000,0.00,
2026_07_21_gym/flight_67,1.0000,1.0000,0.00,
2026_07_21_gym/flight_68,0.9804,0.9608,-1.96,
2026_07_21_gym/flight_69,0.9600,0.9800,2.00,
2026_07_21_gym/flight_7,1.0000,1.0000,0.00,
2026_07_21_gym/flight_70,0.9512,1.0000,4.88,
2026_07_21_gym/flight_71,1.0000,1.0000,0.00,
2026_07_21_gym/flight_72,0.9767,0.9535,-2.32,YES
2026_07_21_gym/flight_73,1.0000,0.9821,-1.79,
2026_07_21_gym/flight_74,0.9388,0.9184,-2.04,YES
2026_07_21_gym/flight_75,1.0000,0.9787,-2.13,YES
2026_07_21_gym/flight_76,0.9796,0.9796,0.00,
2026_07_21_gym/flight_77,0.9348,0.9565,2.17,
2026_07_21_gym/flight_78,1.0000,0.9767,-2.33,YES
2026_07_21_gym/flight_79,0.9722,0.8889,-8.33,YES
2026_07_21_gym/flight_8,1.0000,0.9444,-5.56,YES
2026_07_21_gym/flight_80,0.9655,0.9655,0.00,
2026_07_21_gym/flight_81,1.0000,1.0000,0.00,
2026_07_21_gym/flight_82,0.9722,0.9722,0.00,
2026_07_21_gym/flight_83,1.0000,0.9756,-2.44,YES
2026_07_21_gym/flight_84,1.0000,1.0000,0.00,
2026_07_21_gym/flight_85,0.9756,0.9756,0.00,
2026_07_21_gym/flight_86,1.0000,0.9697,-3.03,YES
2026_07_21_gym/flight_87,0.9524,0.9524,0.00,
2026_07_21_gym/flight_88,0.8571,0.8163,-4.08,YES
2026_07_21_gym/flight_89,0.9583,1.0000,4.17,
2026_07_21_gym/flight_9,1.0000,1.0000,0.00,
2026_07_21_gym/flight_90,0.9783,0.9783,0.00,
2026_07_21_gym/flight_91,0.9873,0.9620,-2.53,YES
2026_07_21_gym/flight_92,0.9487,0.9744,2.57,
2026_07_21_gym/flight_93,0.9630,0.8889,-7.41,YES
2026_07_21_gym/flight_94,0.9884,0.9302,-5.82,YES
2026_07_21_gym/flight_95,0.9767,0.9535,-2.32,YES
2026_07_21_gym/flight_96,0.9487,0.9615,1.28,
2026_07_21_gym/flight_97,0.9459,0.9730,2.71,
2026_07_21_gym/flight_98,0.9630,0.9506,-1.24,
2026_07_21_gym/flight_99,1.0000,0.9500,-5.00,YES
